Zooniverse ID,Classification count,Page ID,Image scale,Type,Coords,Value
ASC00037tb,8,10419021,0.49786628733997157,Page keywords,[],"[""landscape"", ""mountain"", ""trees"", ""forest"", ""mountains"", ""rainforest""]"
ASC00037tb,8,10419021,0.49786628733997157,contributor,"[111, 848, 0, 0, 0, 0]","{""name""=>[""J.D.H"", ""J.D.H."", ""W.F.""], ""role""=>[""illustrator"", ""lithographer""]}"
ASC000386t,8,10419411,0.4657351962741184,Page keywords,[],"[""No text"", ""barley"", ""plant"", ""page 34"", ""petals"", ""line drawings""]"
ASC000386t,8,10419411,0.4657351962741184,drawing,"[0, 0, 9, 11, 778, 1382]","{""keywords""=>[""barley"", ""plant"", ""page 34"", ""petals""]}"
ASC000386t,8,10419411,0.4657351962741184,contributor,"[46, 1381, 0, 0, 0, 0]","{""name""=>[""Prof Hounslow, dal"", ""Prof Henslow"", ""Prof. Henslow""], ""role""=>[""illustrator"", ""other""]}"
ASC000386t,8,10419411,0.4657351962741184,contributor,"[706, 1378, 0, 0, 0, 0]","{""name""=>[""Reeve Benham  Reeve"", ""Reeve, Benham & Reeve""], ""role""=>[""printer""]}"
ASC000385v,7,10419412,0.4657351962741184,Page keywords,[],"[""palm"", ""umbrella"", ""color plate"", ""tree"", ""palm tree"", ""botany"", ""plant""]"
ASC000385v,7,10419412,0.4657351962741184,contributor,"[661, 1378, 0, 0, 0, 0]","{""name""=>[""Reeve Benham & Reeve"", ""Reeve, Benham & Reeve""], ""role""=>[""printer""]}"
ASC000385v,7,10419412,0.4657351962741184,contributor,"[111, 1361, 0, 0, 0, 0]","{""name""=>[""Fitch""], ""role""=>[""artist"", ""lithographer"", ""illustrator""]}"
ASC000385m,6,10419413,0.4623513870541612,Page keywords,[],"[""plant"", ""leaves"", ""pods"", ""petals"", ""leaf"", ""magnified"", ""botany"", ""page 141"", ""page 140""]"
ASC000385m,6,10419413,0.4623513870541612,drawing,"[0, 0, 345, 46, 411, 1315]","{""keywords""=>[""leaf"", ""botany"", ""page 140""]}"
ASC000385m,6,10419413,0.4623513870541612,contributor,"[312, 669, 0, 0, 0, 0]","{""name""=>[""B. Clarke"", ""B.Clarke"", ""Benjamin Clarke""], ""role""=>[""illustrator"", ""other""]}"
ASC000385m,6,10419413,0.4623513870541612,contributor,"[296, 1347, 0, 0, 0, 0]","{""name""=>[""H. F. Hance"", ""H.F.Hance"", ""H. E. Hance""], ""role""=>[""illustrator"", ""other""]}"
ASC0003866,5,10419414,0.4985754985754986,Page keywords,[],"[""boat oars men plant"", ""canoe"", ""river"", ""tree"", ""boat"", ""people""]"
ASC0003866,5,10419414,0.4985754985754986,drawing,"[0, 0, 3, 53, 818, 1323]","{""keywords""=>[""boat oars men plant"", ""tree"", ""boat"", ""river"", ""people""]}"
ASC000386w,7,10419415,0.45901639344262296,Page keywords,[],"[""plant oh and horse what does the horse have to with itl"", ""horse"", ""seed pod"", ""bulb"", ""urn"", ""bag"", ""fibonacci"", ""botany"", ""coloured"", ""unknown"", ""mysterious""]"
ASC000386w,7,10419415,0.45901639344262296,contributor,"[69, 1378, 0, 0, 0, 0]","{""name""=>[""Fitch"", ""Fitch, del et lith""], ""role""=>[""illustrator"", ""lithographer"", ""other""]}"
ASC000386w,7,10419415,0.45901639344262296,contributor,"[724, 1382, 0, 0, 0, 0]","{""name""=>[""R.B. & R."", ""R.B.&R. imp."", ""R.B&R.""], ""role""=>[""printer"", ""other""]}"
ASC0003863,6,10419417,0.45992115637319314,Page keywords,[],"[""herb"", ""myrrh"", ""historical taxonomy"", ""googul"", ""flower"", ""fruit"", ""section"", ""branch"", ""carpal"", ""epicarp"", ""bayee"", ""Beloochistan"", ""Baluchistan"", ""Balochistan"", ""cross-sections"", ""leaves"", ""flowers""]"
ASC0003863,6,10419417,0.45992115637319314,drawing,"[0, 0, 7, 23, 743, 1355]","{""keywords""=>[""herb""]}"
ASC0003863,6,10419417,0.45992115637319314,species,"[446, 1334, 0, 0, 0, 0]","{""common""=>[""bayee balsam"", """"], ""scientific""=>[""Balsamodendron pubescens""]}"
ASC0003876,8,10419418,0.46296296296296297,Page keywords,[],"[""Stigmata of Eschsholtzia"", ""stigmata"", ""sphceronema"", ""epicecidium"", ""plant"", ""Eshsholtzia"", ""eschsholtzia"", ""sphoeronema epicecidium""]"
ASC0003876,8,10419418,0.46296296296296297,drawing,"[0, 0, 18, 797, 743, 591]","{""keywords""=>[""stigmata"", ""Eshsholtzia"", ""sphoeronema epicecidium""]}"
ASC0003876,8,10419418,0.46296296296296297,drawing,"[0, 0, 26, 33, 739, 757]","{""keywords""=>[""plant"", ""stigmata"", ""eschsholtzia""]}"
ASC0003876,8,10419418,0.46296296296296297,contributor,"[686, 1370, 0, 0, 0, 0]","{""name""=>[""R. B. and R."", ""R.B. & R."", ""R.B. and R.""], ""role""=>[""other"", ""printer"", ""illustrator""]}"
ASC0003868,6,10419419,0.4557291666666667,Page keywords,[],"[""plant"", ""flower"", ""colour"", ""Pucha-pat"", ""Patchouli"", ""Patchouly"", ""Pogostemon patchouli"", ""Pogostemon cablin"", ""herb"", ""botany"", ""biology"", ""Lamiaceae"", ""lamiales"", ""asterids"", ""Eudicots""]"
ASC0003868,6,10419419,0.4557291666666667,drawing,"[0, 0, -3, 23, 756, 1373]","{""keywords""=>[""Pucha-pat"", ""Patchouli"", ""Patchouly"", ""Pogostemon patchouli"", ""Pogostemon cablin"", ""plant"", ""herb"", ""flower"", ""botany"", ""biology"", ""Lamiaceae"", ""lamiales"", ""asterids"", ""Eudicots""]}"
ASC0003868,6,10419419,0.4557291666666667,contributor,"[56, 1382, 0, 0, 0, 0]","{""name""=>[""Fitch"", ""Walter Fitch, del et lith.""], ""role""=>[""illustrator"", ""lithographer""]}"
ASC0003868,6,10419419,0.4557291666666667,contributor,"[693, 1370, 0, 0, 0, 0]","{""name""=>[""R. B. & R."", ""R. B. A. R. imp"", ""R.B. & R.""], ""role""=>[""printer""]}"
ASC0003867,5,10419420,0.4623513870541612,Page keywords,[],"[""flower"", ""botany"", ""tetrazygia fadyeni"", ""Fitch"", ""Tetrazygia Fadyeni"", ""anther"", ""stamen"", ""sepal"", ""stalk"", ""leaf"", ""cell"", ""plant"", ""cuticle"", ""petal"", ""vein"", ""ovary"", ""ovule"", ""seed"", ""steml leaf"", ""bud"", ""bloom""]"
ASC0003867,5,10419420,0.4623513870541612,drawing,"[0, 0, 9, 33, 768, 1366]","{""keywords""=>[""Fitch"", ""Tetrazygia Fadyeni"", ""anther"", ""stamen"", ""sepal"", ""stalk"", ""leaf"", ""cell"", ""plant"", ""flower"", ""cuticle"", ""petal"", ""vein"", ""ovary"", ""ovule"", ""seed"", ""steml leaf"", ""bud"", ""bloom""]}"
ASC0003867,5,10419420,0.4623513870541612,species,"[226, 148, 0, 0, 0, 0]","{""common""=>[""""], ""scientific""=>[""Tetrazygia Fadyeni""]}"
ASC0003867,5,10419420,0.4623513870541612,contributor,"[692, 1371, 0, 0, 0, 0]","{""name""=>[""R. B. & R. imp."", ""R.B. & R.""], ""role""=>[""printer""]}"
ASC0003867,5,10419420,0.4623513870541612,contributor,"[47, 1381, 0, 0, 0, 0]","{""name""=>[""Fitch""], ""role""=>[""lithographer""]}"
ASC00039z3,5,767623,0.4403900597672224,Page keywords,[],"[""Grevillea"", ""gilivrayi"", ""plant"", ""flower"", ""bloom"", ""petal"", ""evergreen flower"", ""grevillea"", ""botany"", ""Vincent Brooks\r\n""]"
ASC00039z3,5,767623,0.4403900597672224,drawing,"[0, 0, 20, 15, 774, 1387]","{""keywords""=>[""Grevillea"", ""gilivrayi"", ""plant"", ""flower"", ""bloom"", ""petal"", ""evergreen flower""]}"
ASC00039z3,5,767623,0.4403900597672224,contributor,"[88, 1356, 0, 0, 0, 0]","{""name""=>[""W. Fitch""], ""role""=>[""illustrator"", ""lithographer"", ""artist""]}"
ASC00039z3,5,767623,0.4403900597672224,contributor,"[675, 1354, 0, 0, 0, 0]","{""name""=>[""Vincent Brooks""], ""role""=>[""printer""]}"
ASC00039zb,6,767624,0.44628626075868666,Page keywords,[],"[""plant"", ""fern"", ""Lomatia Milnei"", ""flower"", ""leaf"", ""leaves"", ""spiky"", ""point"", ""pointed"", ""bud"", ""lomatia milei hook"", ""botany""]"
ASC00039zb,6,767624,0.44628626075868666,drawing,"[0, 0, 39, 23, 777, 1376]","{""keywords""=>[""plant"", ""fern"", ""Lomatia Milnei"", ""flower"", ""leaf"", ""leaves"", ""spiky"", ""point"", ""pointed"", ""bud""]}"
ASC00039zb,6,767624,0.44628626075868666,contributor,"[739, 1362, 0, 0, 0, 0]","{""name""=>[""Vincent Brookes"", ""Vincent Brooks"", ""Vincent books""], ""role""=>[""printer"", ""other""]}"
ASC00039zb,6,767624,0.44628626075868666,contributor,"[110, 1367, 0, 0, 0, 0]","{""name""=>[""W Fitch"", ""W. Fitch"", ""W.Fitch""], ""role""=>[""illustrator"", ""lithographer""]}"
ASC00039zs,6,767625,0.45175863181671505,Page keywords,[],"[""plant"", ""plants"", ""stems"", ""leaves"", ""flowers"", ""seeds"", ""pistils"", ""stamens"", ""tendrils"", ""flower""]"
ASC00039zp,8,767626,0.45234248788368336,Page keywords,[],"[""plant"", ""flower"", ""botany"", ""diagram"", ""dissection"", ""alpine"", ""calyx"", ""seed"", ""Cassiope selaginoides"", ""long"", ""bloom"", ""petal""]"
ASC00039zp,8,767626,0.45234248788368336,drawing,"[0, 0, 42, 21, 794, 1369]","{""keywords""=>[""plant"", ""flower"", ""botany"", ""diagram"", ""dissection"", ""Cassiope selaginoides"", ""long"", ""bloom"", ""petal"", ""seed""]}"
ASC00039zp,8,767626,0.45234248788368336,contributor,"[719, 1322, 0, 0, 0, 0]","{""name""=>[""Vincent Brooks""], ""role""=>[""other"", ""printer""]}"
ASC00039zp,8,767626,0.45234248788368336,contributor,"[444, 1365, 0, 0, 0, 0]","{""name""=>[""Fitch""], ""role""=>[""lithographer""]}"
ASC00039zp,8,767626,0.45234248788368336,contributor,"[129, 1364, 0, 0, 0, 0]","{""name""=>[""Hook"", ""Thomson"", ""Hook fil. and Thompson"", ""Hook & Thomson""], ""role""=>[""illustrator""]}"
ASC00039zr,6,767627,0.45001607200257154,Page keywords,[],"[""plantae"", ""flower"", ""seed"", ""leaf"", ""trichadenia zeylanica."", ""pods"", ""seeds"", ""fruit"", ""Ceylon"", ""Sri Lanka"", ""botany""]"
ASC00039zr,6,767627,0.45001607200257154,drawing,"[0, 0, 15, 15, 783, 1382]","{""keywords""=>[""plantae"", ""flower"", ""seed"", ""leaf"", ""trichadenia zeylanica."", ""pods"", ""seeds"", ""fruit"", ""Ceylon"", ""Sri Lanka"", ""botany""]}"
ASC00039zr,6,767627,0.45001607200257154,contributor,"[138, 1363, 0, 0, 0, 0]","{""name""=>[""H. de Alivia"", ""G.H.K.T."", ""H. de Alivis""], ""role""=>[""illustrator"", ""other""]}"
ASC00039zr,6,767627,0.45001607200257154,contributor,"[736, 1363, 0, 0, 0, 0]","{""name""=>[""Vincent Brooks""], ""role""=>[""printer"", ""other"", ""illustrator""]}"
ASC00039zj,5,767628,0.4475703324808184,Page keywords,[],"[""Vincent Brooks"", ""plant"", ""flower"", ""botany""]"
ASC00039zj,5,767628,0.4475703324808184,drawing,"[0, 0, 27, 32, 774, 1357]","{""keywords""=>[""plant"", ""flower"", ""botany""]}"
ASC00039zj,5,767628,0.4475703324808184,contributor,"[94, 1365, 0, 0, 0, 0]","{""name""=>[""G.H.K.T."", ""de Alvis"", ""G.H.K.T. anal. H. de Alivis""], ""role""=>[""other"", ""illustrator""]}"
ASC00039zf,8,767629,0.3653444676409186,Page keywords,[],"[""flower"", ""foldout"", ""botany"", ""China"", ""pistil"", ""stamen"", ""bloom"", ""seed"", ""Plant"", ""vegetative parts"", ""reproductive parts"", ""inflorescenece"", ""plant""]"
ASC00039zf,8,767629,0.3653444676409186,drawing,"[0, 0, 33, 3, 1357, 1071]","{""keywords""=>[""flower"", ""plant""]}"
ASC00039zf,8,767629,0.3653444676409186,contributor,"[54, 69, 0, 0, 0, 0]","{""name""=>[""Fitch"", """"], ""role""=>[""illustrator"", ""lithographer"", ""artist"", ""other""]}"
ASC00039zf,8,767629,0.3653444676409186,contributor,"[74, 1003, 0, 0, 0, 0]","{""name""=>[""Vincent Brooks"", """"], ""role""=>[""printer"", ""other""]}"
ASC00039zd,6,767630,0.4485741749439282,Page keywords,[],"[""plant"", ""flower"", ""seed"", ""Botany"", ""illustration"", ""botany"", ""plant details"", ""Eccremanthus eximius"", ""bloom"", ""blossom"", ""pollen""]"
ASC00039zd,6,767630,0.4485741749439282,drawing,"[0, 0, 26, 24, 765, 1363]","{""keywords""=>[""plant"", ""flower"", ""seed"", ""Botany"", ""illustration"", ""Eccremanthus eximius"", ""bloom"", ""blossom"", ""pollen""]}"
ASC00039zd,6,767630,0.4485741749439282,contributor,"[104, 1331, 0, 0, 0, 0]","{""name""=>[""W.Fitch"", ""W. Fitch""], ""role""=>[""illustrator"", ""lithographer""]}"
ASC00039zd,6,767630,0.4485741749439282,contributor,"[681, 1352, 0, 0, 0, 0]","{""name""=>[""Vincent Brooks""], ""role""=>[""printer""]}"
ASC00039zw,6,767631,0.45292785506308636,Page keywords,[],"[""Spharagidia zeylanica"", ""seed"", ""pod"", ""cross section"", ""leaf"", ""leaves"", ""bud"", ""petal"", ""bloom"", ""flowers"", ""botany""]"
ASC00039zw,6,767631,0.45292785506308636,drawing,"[0, 0, 20, 13, 778, 1382]","{""keywords""=>[""Spharagidia zeylanica"", ""seed"", ""pod"", ""cross section"", ""leaf"", ""leaves"", ""bud"", ""petal"", ""bloom"", ""flowers""]}"
ASC00039zw,6,767631,0.45292785506308636,contributor,"[91, 1325, 0, 0, 0, 0]","{""name""=>[""W. Fitch"", ""W. Pitch""], ""role""=>[""illustrator"", ""lithographer""]}"
ASC00039zw,6,767631,0.45292785506308636,contributor,"[708, 1355, 0, 0, 0, 0]","{""name""=>[""Vincent Brooks""], ""role""=>[""printer""]}"
ASC00039zm,7,767632,0.45513654096228867,Page keywords,[],"[""Dichapotalum ranunculaceum mueller"", ""botany"", ""flower"", ""plant"", ""biology"", ""blossom"", ""leaves"", ""seed"", ""cross section ""]"
ASC00039zm,7,767632,0.45513654096228867,contributor,"[112, 1354, 0, 0, 0, 0]","{""name""=>[""W. Fitch"", ""W.Fitch"", ""W. Huch""], ""role""=>[""lithographer"", ""illustrator"", ""other""]}"
ASC00039zm,7,767632,0.45513654096228867,contributor,"[732, 1359, 0, 0, 0, 0]","{""name""=>[""Vincent brooks imp"", ""Vincent Brooks""], ""role""=>[""printer""]}"
ASC00039yb,7,767633,0.45292785506308636,Page keywords,[],"[""flower leaves plant anther pistil stamen"", ""Flower"", ""centella cunetfolia"", ""fitch"", ""flower"", ""centella cunctifolia"", ""w fitch""]"
ASC00039yb,7,767633,0.45292785506308636,contributor,"[-58, 1185, 0, 0, 0, 0]","{""name""=>[""W.Fitch del "", ""blank""], ""role""=>[""illustrator"", ""blank""]}"
ASC0003881,5,776462,0.4435994930291508,Page keywords,[],"[""picture collecting Toddy"", ""colour"", ""color"", ""collect"", ""gather"", ""collecting"", ""toddy"", ""palm"", ""coconut"", ""fruit"", ""climb"", ""tree"", ""tall"", ""up"", ""harvest"", ""ladder"", ""drink"", ""shelter"", ""coco palm"", ""ethnology"", ""toddymen"", ""collectiong"", ""palm tree"", ""humans"", ""basket"", ""climbing"", ""palm trees"", ""coconuts"", ""collecting toddy"", ""india"", ""runjeet river"", ""village"", ""ladders""]"
ASC0003881,5,776462,0.4435994930291508,drawing,"[0, 0, 12, 22, 781, 1376]","{""keywords""=>[""picture collecting Toddy"", ""colour"", ""color"", ""collect"", ""gather"", ""collecting"", ""toddy"", ""palm"", ""coconut"", ""fruit"", ""climb"", ""tree"", ""tall"", ""up"", ""harvest"", ""ladder"", ""drink"", ""shelter"", ""humans"", ""basket"", ""climbing"", ""palm trees"", ""coconuts"", ""collecting toddy"", ""india"", ""runjeet river"", ""village"", ""ladders""]}"
ASC0003881,5,776462,0.4435994930291508,contributor,"[100, 1331, 0, 0, 0, 0]","{""name""=>[""Fitch"", ""Fitch del et lith.""], ""role""=>[""illustrator"", ""lithographer""]}"
ASC0003881,5,776462,0.4435994930291508,contributor,"[697, 1360, 0, 0, 0, 0]","{""name""=>[""Reeve, Delham and Reeve"", ""Reeve Benham & Reeve"", ""Reeve Berham & Reeve imp""], ""role""=>[""printer"", ""lithographer""]}"
ASC000387k,7,776463,0.44011317195850364,Page keywords,[],"[""toddy"", ""equipment"", ""implements"", ""cupts"", ""rope"", ""knife"", ""bottles"", ""palm-wine"", ""coconut"", ""Madras"", ""India"", ""Strachan"", ""Malabar"", ""Buchanan Hamilton"", ""palm trees"", ""Implements "", ""pottery"", ""book"", ""bag"", ""collecting"", ""pots"", ""club"", ""container""]"
ASC000387k,7,776463,0.44011317195850364,drawing,"[0, 0, 26, 30, 749, 1372]","{""keywords""=>[""Implements "", ""toddy"", ""implements"", ""collecting"", ""palm-wine"", ""pots"", ""rope"", ""knife"", ""club"", ""container""]}"
ASC000387k,7,776463,0.44011317195850364,contributor,"[122, 1347, 0, 0, 0, 0]","{""name""=>[""Fitch"", ""Walter Hood Fitch""], ""role""=>[""illustrator"", ""lithographer""]}"
ASC000389d,8,776532,0.44289781714647264,Page keywords,[],"[""Jute"", ""jute"", ""plant"", ""R.B & R imp.\r\nFitch"", ""del et lith"", ""Botany"", ""plants"", ""kew gardens""]"
ASC000389d,8,776532,0.44289781714647264,drawing,"[0, 0, 16, 24, 780, 1376]","{""keywords""=>[""Jute"", ""jute"", ""plant"", ""Botany"", ""plants"", ""kew gardens""]}"
ASC000389d,8,776532,0.44289781714647264,contributor,"[93, 1376, 0, 0, 0, 0]","{""name""=>[""Fitch""], ""role""=>[""illustrator"", ""lithographer""]}"
ASC000389m,6,776569,0.45030556449018977,Page keywords,[],"[""Plants"", ""plant colour"", ""legume"", ""flower""]"
ASC00038c1,6,776627,0.44122281752284903,Page keywords,[],"[""plant"", ""botany"", ""oak"", ""fruit"", ""leaf"", ""flower"", ""drawing"", ""acorn"", ""nut"", ""African Oak"", ""african oak"", ""leaves"", ""stems"", ""seedling"", ""veins"", ""seeds"", ""shells""]"
ASC00038c1,6,776627,0.44122281752284903,drawing,"[0, 0, 20, 18, 781, 1371]","{""keywords""=>[""plant"", ""botany"", ""oak"", ""fruit"", ""leaf"", ""flower"", ""drawing"", ""acorn"", ""nut"", ""African Oak"", ""african oak""]}"
ASC00038c1,6,776627,0.44122281752284903,contributor,"[709, 1367, 0, 0, 0, 0]","{""name""=>[""R B & R "", ""R.B. & R."", ""R. B. & B.""], ""role""=>[""printer""]}"
ASC00038c1,6,776627,0.44122281752284903,contributor,"[80, 1355, 0, 0, 0, 0]","{""name""=>[""Fitch""], ""role""=>[""lithographer"", ""illustrator""]}"
ASC00038d8,6,776694,0.4410838059231254,Page keywords,[],"[""Eboe nut"", ""Dipteryx oleifera"", ""Flower"", ""petals"", ""stamens."", ""petals."", ""stamens"", ""seed"", ""section."", ""Seed"", ""section"", ""seed."", ""eboe nut"", ""eboe"", ""nut"", ""food"", ""fuzz"", ""pod"", ""fuzzy"", ""furry""]"
ASC00038d8,6,776694,0.4410838059231254,drawing,"[0, 0, 18, 26, 779, 1376]","{""keywords""=>[""Eboe nut"", ""Dipteryx oleifera"", ""eboe nut"", ""eboe"", ""nut"", ""food"", ""fuzz"", ""pod"", ""seed"", ""fuzzy"", ""furry""]}"
ASC00038dn,5,776697,0.492091388400703,Page keywords,[],"[""colour rice paper plant"", ""rice paper plant Chinese house grass fence "", ""rice paper"", ""colour"", ""color"", ""china"", ""chinese"", ""asia"", ""asian"", ""rice"", ""paper"", ""plant"", ""drawing"", ""stalk"", ""wave"", ""waving"", ""house"", ""thatch"", ""clothes"", ""China"", ""papermaking"", ""ethnology"", ""reproduction""]"
ASC00038dn,5,776697,0.492091388400703,drawing,"[0, 0, 23, 52, 846, 1321]","{""keywords""=>[""colour rice paper plant"", ""rice paper plant Chinese house grass fence "", ""rice paper"", ""colour"", ""color"", ""china"", ""chinese"", ""asia"", ""asian"", ""rice"", ""paper"", ""plant"", ""drawing"", ""stalk"", ""wave"", ""waving"", ""house"", ""thatch"", ""clothes""]}"
ASC00038dn,5,776697,0.492091388400703,contributor,"[111, 1311, 0, 0, 0, 0]","{""name""=>[""Fitch""], ""role""=>[""lithographer""]}"
ASC00038dn,5,776697,0.492091388400703,contributor,"[792, 1326, 0, 0, 0, 0]","{""name""=>[""F.Reeve"", ""F. Reeve""], ""role""=>[""printer""]}"
ASC00038e3,6,776698,0.492091388400703,Page keywords,[],"[""rice paper "", ""rice paper"", ""paper"", ""rice"", ""method"", ""asia"", ""china"", ""chinese"", ""asian"", ""drawing"", ""mode"", ""cut"", ""cutting"", ""roll"", ""ethnology"", ""production"", ""color"", ""rice paper cutting""]"
ASC00038e3,6,776698,0.492091388400703,drawing,"[0, 0, 42, 20, 1330, 912]","{""keywords""=>[""rice paper "", ""rice paper"", ""paper"", ""rice"", ""method"", ""asia"", ""china"", ""chinese"", ""asian"", ""drawing"", ""mode"", ""cut"", ""cutting"", ""roll"", ""rice paper cutting""]}"
ASC00038e3,6,776698,0.492091388400703,contributor,"[114, 876, 0, 0, 0, 0]","{""name""=>[""Fitch""], ""role""=>[""lithographer"", ""illustrator""]}"
ASC00038e3,6,776698,0.492091388400703,contributor,"[1252, 881, 0, 0, 0, 0]","{""name""=>[""F.Reeve"", ""F. Reeve""], ""role""=>[""printer""]}"
ASC00038gt,5,776797,0.4426177679418274,Page keywords,[],"[""plant"", ""Brayera anthelmintica"", ""flower"", ""stem"", ""stalk"", ""close up"", ""close"", ""bud"", ""petal"", ""reeve"", ""fitch"", ""leaves plants flowers pistil stamen anther"", ""tree"", ""botany""]"
ASC00038gt,5,776797,0.4426177679418274,drawing,"[0, 0, 27, 19, 770, 1359]","{""keywords""=>[""plant"", ""Brayera anthelmintica"", ""flower"", ""stem"", ""stalk"", ""close up"", ""close"", ""bud"", ""petal"", ""reeve"", ""fitch"", ""leaves plants flowers pistil stamen anther"", ""tree"", ""botany""]}"
ASC00038gt,5,776797,0.4426177679418274,species,"[410, 946, 0, 0, 0, 0]","{""common""=>["""", ""African redwood""], ""scientific""=>[""Brayera anthelmintica""]}"
ASC00038gt,5,776797,0.4426177679418274,contributor,"[71, 1340, 0, 0, 0, 0]","{""name""=>[""Fitch""], ""role""=>[""illustrator"", ""lithographer""]}"
ASC00038gt,5,776797,0.4426177679418274,contributor,"[731, 1336, 0, 0, 0, 0]","{""name""=>[""Reeve"", ""Frederick Reeve"", ""Frederic Reeve""], ""role""=>[""other"", ""printer""]}"
ASC00038gi,5,776802,0.45307443365695793,Page keywords,[],"[""Botany"", ""Lithograph"", ""Seeds"", ""Leaves"", ""Insects"", ""grain"", ""fungus"", ""insect"", ""fruit"", ""seeds"", ""botany"", ""insects""]"
ASC00038gi,5,776802,0.45307443365695793,drawing,"[0, 0, 16, 24, 802, 1355]","{""keywords""=>[""Botany"", ""Lithograph"", ""Seeds"", ""Leaves"", ""Insects"", ""grain"", ""fungus"", ""insect"", ""fruit"", ""seeds""]}"
ASC00038gi,5,776802,0.45307443365695793,inscription,"[712, 916, 0, 0, 0, 0]","{""text""=>[""14"", ""13"", ""1""]}"
ASC00038gi,5,776802,0.45307443365695793,inscription,"[451, 1283, 0, 0, 0, 0]","{""text""=>[""11"", ""12"", ""10"", ""Coccus of the Coffee-plant"", ""9"", ""8"", ""3"", ""7"", ""6""]}"
ASC00038gi,5,776802,0.45307443365695793,contributor,"[75, 1351, 0, 0, 0, 0]","{""name""=>[""Fitch""], ""role""=>[""lithographer""]}"
ASC00038gi,5,776802,0.45307443365695793,contributor,"[728, 1362, 0, 0, 0, 0]","{""name""=>[""Reeve & Nichol"", ""Reeve & Nichols""], ""role""=>[""other"", ""printer""]}"
ASC00038hk,7,780823,0.4605263157894737,Page keywords,[],"[""fungi"", ""mycology"", ""fungus"", ""mushrooms"", ""plants"", ""leaves"", ""Schizophyllum umbrinum"", ""Berk"", ""Peziza herpotricha"", ""Berk."", ""Depazea Mappa"", ""Exidia Straminea"", ""biology"", ""Auriculariales"", ""Schizophyllaceae"", ""wood-rotting"", ""Agaricales"", ""saprophytic cup fungi"", ""Pezizales"", ""leaf""]"
ASC00038hk,7,780823,0.4605263157894737,species,"[300, 1107, 0, 0, 0, 0]","{""common""=>[""""], ""scientific""=>[""Depazea mappa"", ""Peziza herpotricha"", ""Depazea Mappa"", ""Exidia straminea"", ""Exidia Straminea, Berk.""]}"
ASC00038hk,7,780823,0.4605263157894737,species,"[533, 620, 0, 0, 0, 0]","{""common""=>[""""], ""scientific""=>[""Peziza herpotricha"", ""Peziza herpotricha, Berk.""]}"
ASC00038hk,7,780823,0.4605263157894737,species,"[196, 369, 0, 0, 0, 0]","{""common""=>[""""], ""scientific""=>[""Schizophyllum umbrinum""]}"
ASC00038hk,7,780823,0.4605263157894737,contributor,"[711, 1382, 0, 0, 0, 0]","{""name""=>[""Reeve & Nichols"", ""Reeve & Michels""], ""role""=>[""printer"", ""illustrator""]}"
ASC00038hk,7,780823,0.4605263157894737,contributor,"[176, 1365, 0, 0, 0, 0]","{""name""=>[""Fitch"", ""M J Berkeley"", ""M.J. Berkeley"", ""Berkeley""], ""role""=>[""lithographer"", ""illustrator""]}"
ASC00038iq,6,780841,0.45751633986928103,Page keywords,[],"[""plant"", ""flowers"", ""buds"", ""botany""]"
ASC00038jt,5,780885,0.44642857142857145,Page keywords,[],"[""watermelon plant"", ""stem"", ""fruit"", ""leaf"", ""plant"", ""flower"", ""cucurbitacea"", ""Citrullus fistulosus"", ""melon"", ""citrullus"", ""desert"", ""vine"", ""seed"", ""hairy"", ""spine"", ""large"", ""smooth"", ""citrullus fistulosus"", ""stocks""]"
ASC00038jt,5,780885,0.44642857142857145,drawing,"[0, 0, 13, 25, 781, 1361]","{""keywords""=>[""watermelon plant"", ""Citrullus fistulosus"", ""melon"", ""citrullus"", ""desert"", ""vine"", ""fruit"", ""seed"", ""hairy"", ""spine"", ""large"", ""smooth"", ""flower"", ""citrullus fistulosus"", ""stocks""]}"
ASC00038jt,5,780885,0.44642857142857145,contributor,"[95, 1357, 0, 0, 0, 0]","{""name""=>[""W. Abraham"", ""Fitch"", ""W.Abraham""], ""role""=>[""illustrator"", ""lithographer"", ""other""]}"
ASC00038jt,5,780885,0.44642857142857145,contributor,"[728, 1353, 0, 0, 0, 0]","{""name""=>[""Reeve & Nichols""], ""role""=>[""printer"", ""other""]}"
ASC00038l8,5,780936,0.45691906005221933,Page keywords,[],"[""plant"", ""Ranunculus digitatus"", ""fitch"", ""reeve"", ""nichols"", ""bloom"", ""flower"", ""petal"", ""root"", ""roots"", ""leaves"", ""pistil"", ""stem"", ""flowers"", ""leaf"", ""seed"", ""stamen""]"
ASC00038l8,5,780936,0.45691906005221933,drawing,"[0, 0, 9, 23, 804, 1371]","{""keywords""=>[""plant"", ""Ranunculus digitatus"", ""fitch"", ""reeve"", ""nichols"", ""bloom"", ""flower"", ""petal"", ""root"", ""roots""]}"
ASC00038l8,5,780936,0.45691906005221933,contributor,"[67, 1365, 0, 0, 0, 0]","{""name""=>[""Fitch""], ""role""=>[""illustrator"", ""lithographer""]}"
ASC00038l8,5,780936,0.45691906005221933,contributor,"[736, 1369, 0, 0, 0, 0]","{""name""=>[""Reeve & Nichols"", ""Reeve & Nichels imp""], ""role""=>[""other"", ""printer""]}"
ASC00038o6,5,781036,0.4437400950871632,Page keywords,[],"[""daisy"", ""Dissothrix Gardneri"", ""gardneri"", ""root"", ""stem"", ""flower"", ""petal"", ""star"", ""spiky"", ""flowers""]"
ASC00038o6,5,781036,0.4437400950871632,drawing,"[0, 0, 26, 20, 783, 1362]","{""keywords""=>[""daisy"", ""Dissothrix Gardneri"", ""gardneri"", ""root"", ""stem"", ""flower"", ""petal"", ""star"", ""spiky"", ""flowers""]}"
ASC00038qr,7,781127,0.4567699836867863,Page keywords,[],"[""Boehmeria Puya"", ""Maoutia puya (Hook.) Wedd"", ""shrub"", ""small tree"", ""botany"", ""biology"", ""plant"", ""rosids"", ""eudicots"", ""leaves"", ""blossom"", ""leaf"", ""seed"", ""details"", ""flowering"", ""flower"", ""Plant""]"
ASC00038qr,7,781127,0.4567699836867863,drawing,"[0, 0, 31, 24, 783, 1359]","{""keywords""=>[""Boehmeria Puya"", ""Maoutia puya (Hook.) Wedd"", ""shrub"", ""small tree"", ""botany"", ""biology"", ""plant"", ""rosids"", ""eudicots"", ""leaves"", ""blossom"", ""leaf"", ""seed"", ""details"", ""flower"", ""Plant""]}"
ASC00038qr,7,781127,0.4567699836867863,species,"[310, 954, 0, 0, 0, 0]","{""common""=>[""""], ""scientific""=>[""Boehmeria Puya""]}"
ASC00038qr,7,781127,0.4567699836867863,species,"[892, 1438, 0, 0, 0, 0]","{""common""=>[""blank""], ""scientific""=>[""blank""]}"
ASC00038qr,7,781127,0.4567699836867863,contributor,"[110, 1362, 0, 0, 0, 0]","{""name""=>[""Fitch del et lith."", ""Fitch"", ""blank""], ""role""=>[""illustrator"", ""lithographer"", ""blank""]}"
ASC00038qr,7,781127,0.4567699836867863,contributor,"[736, 1362, 0, 0, 0, 0]","{""name""=>[""Reeve & Nichols imp."", ""Reeve & Nichols"", ""blank""], ""role""=>[""printer"", ""other"", ""blank""]}"
ASC00038qa,5,781130,0.43859649122807015,Page keywords,[],"[""botanical drawing"", ""leaves"", ""stem"", ""flower structures"", ""seeds"", ""Chinese grass(?) Cloth"", ""Boehmeria nivea"", ""color"", ""colour"", ""leaf"", ""flower"", ""bud"", ""chinese"", ""grals"", ""cloth"", ""seed"", ""plant"", ""boehmeria nivea""]"
ASC00038qa,5,781130,0.43859649122807015,drawing,"[0, 0, 20, 28, 773, 1350]","{""keywords""=>[""botanical drawing"", ""leaves"", ""stem"", ""flower structures"", ""seeds"", ""Chinese grass(?) Cloth"", ""Boehmeria nivea"", ""color"", ""colour"", ""leaf"", ""flower"", ""bud"", ""chinese"", ""grals"", ""cloth"", ""seed"", ""plant""]}"
ASC00038qp,6,781139,0.45931758530183725,Page keywords,[],"[""fungi"", ""mycology"", ""Stilbospora macrosperma"", ""sphaeria"", ""inquinaus"", ""tympanis"", ""saligna"", ""mold"", ""fungus"", ""spore"", ""microscopy"", ""hymenium""]"
ASC00038qp,6,781139,0.45931758530183725,drawing,"[0, 0, 26, 21, 804, 1365]","{""keywords""=>[""fungi"", ""mycology"", ""Stilbospora macrosperma"", ""sphaeria"", ""inquinaus"", ""tympanis"", ""saligna""]}"
ASC00038qp,6,781139,0.45931758530183725,species,"[661, 295, 0, 0, 0, 0]","{""common""=>[""""], ""scientific""=>[""Tympanis saligna""]}"
ASC00038qp,6,781139,0.45931758530183725,species,"[341, 249, 0, 0, 0, 0]","{""common""=>[""""], ""scientific""=>[""Stilbospora macrosperma"", ""Sphaeria inquinaus"", ""sphaeria inquinaus""]}"
ASC00038qp,6,781139,0.45931758530183725,contributor,"[728, 1366, 0, 0, 0, 0]","{""name""=>[""Reeve & Nichols""], ""role""=>[""printer""]}"
ASC00038qp,6,781139,0.45931758530183725,contributor,"[128, 1372, 0, 0, 0, 0]","{""name""=>[""Fitch""], ""role""=>[""lithographer"", ""illustrator""]}"
ASC00038rh,8,781140,0.45946832950443056,Page keywords,[],"[""sphaeria"", ""inquinans"", ""tode"", ""stilbospora"", ""macrosperma"", ""hendersonia"", ""mutabilis"", ""fitch"", ""reeve"", ""nichols"", ""mold"", ""magnified view"", ""fungi"", ""microscopic view"", ""cell"", ""flora"", ""stamen""]"
ASC00038rh,8,781140,0.45946832950443056,drawing,"[0, 0, 30, 19, 791, 1360]","{""keywords""=>[""sphaeria"", ""inquinans"", ""tode"", ""stilbospora"", ""macrosperma"", ""hendersonia"", ""mutabilis"", ""fitch"", ""reeve"", ""nichols"", ""mold"", ""magnified view"", ""fungi""]}"
ASC00038rh,8,781140,0.45946832950443056,drawing,"[0, 0, 443, 994, 367, 363]","{""keywords""=>[""mold"", ""microscopic view"", ""cell"", ""flora"", ""stamen""]}"
ASC00038rh,8,781140,0.45946832950443056,species,"[784, 928, 0, 0, 0, 0]","{""common""=>[""""], ""scientific""=>[""Sphaeria inquinans"", ""Stilbospora macrosperma"", ""Sphaeria inquinans, Tode"", ""Stilbospora macrosperma., Pers.""]}"
ASC00038rh,8,781140,0.45946832950443056,species,"[504, 1327, 0, 0, 0, 0]","{""common""=>[""""], ""scientific""=>[""Hendersonia mutabilis"", ""Henderson mutabilis""]}"
ASC00038rh,8,781140,0.45946832950443056,contributor,"[125, 1333, 0, 0, 0, 0]","{""name""=>[""Fitch"", ""Walter Hood Fitch""], ""role""=>[""lithographer"", ""illustrator""]}"
ASC00038rh,8,781140,0.45946832950443056,contributor,"[773, 1356, 0, 0, 0, 0]","{""name""=>[""Reeve & Nichols"", ""Reeve & Nichols, imp.""], ""role""=>[""other"", ""printer"", ""illustrator""]}"
ASC00038sp,5,781621,0.4557291666666667,Page keywords,[],"[""tree"", ""leafes"", ""fruit"", ""flower "", ""leaves"", ""seeds"", ""flower"", ""blooming"", ""fig"", ""plant""]"
ASC00038sp,5,781621,0.4557291666666667,drawing,"[0, 0, 22, 17, 765, 1366]","{""keywords""=>[""tree"", ""leafes"", ""fruit"", ""flower "", ""flower"", ""blooming"", ""fig"", ""plant""]}"
ASC00038sp,5,781621,0.4557291666666667,contributor,"[70, 1358, 0, 0, 0, 0]","{""name""=>[""H. De Alwis"", ""R.De Alvis"", ""H.De Alwis,dd.""], ""role""=>[""illustrator""]}"
ASC00038sp,5,781621,0.4557291666666667,contributor,"[702, 1349, 0, 0, 0, 0]","{""name""=>[""Beeve & Nichols"", ""Reeve & Nichols"", ""Berre & Nichols, imp.""], ""role""=>[""printer"", ""illustrator""]}"
ASC00038t6,6,781622,0.4608294930875576,Page keywords,[],"[""seed"", ""plant"", ""flower"", ""bud"", ""fruit"", ""Doona"", ""doona"", ""zeylancia"", ""thw"", ""de alwis"", ""pod"", ""leaf"", ""branch"", ""stick""]"
ASC00038t6,6,781622,0.4608294930875576,drawing,"[0, 0, 9, 28, 787, 1373]","{""keywords""=>[""seed"", ""plant"", ""flower"", ""bud"", ""fruit"", ""doona"", ""zeylancia"", ""thw"", ""de alwis"", ""pod"", ""leaf"", ""branch"", ""stick""]}"
ASC00038t6,6,781622,0.4608294930875576,contributor,"[79, 1363, 0, 0, 0, 0]","{""name""=>[""H. De Alwis""], ""role""=>[""illustrator""]}"
ASC0003a1c,5,781699,0.4461440407903123,Page keywords,[],"[""plant flower pistil stamen anther leaves"", ""flower"", ""Duttonia gibbifolia"", ""emu"", ""bush"", ""australia"", ""Eremophila gibbifolia"", ""hairy"", ""bloom"", ""bud"", ""plant"", ""reproductive"", ""structure""]"
ASC0003a1c,5,781699,0.4461440407903123,drawing,"[0, 0, 13, 28, 782, 1362]","{""keywords""=>[""plant flower pistil stamen anther leaves"", ""flower"", ""Duttonia gibbifolia"", ""emu"", ""bush"", ""australia"", ""Eremophila gibbifolia"", ""hairy"", ""bloom"", ""bud"", ""plant"", ""reproductive"", ""structure""]}"
ASC0003a1c,5,781699,0.4461440407903123,contributor,"[89, 1364, 0, 0, 0, 0]","{""name""=>[""W.Fitch"", ""W. Fitch"", ""W""], ""role""=>[""illustrator"", ""lithographer"", ""artist""]}"
ASC0003a1c,5,781699,0.4461440407903123,contributor,"[740, 1349, 0, 0, 0, 0]","{""name""=>[""Vincent Brooks""], ""role""=>[""printer""]}"
ASC0003a3f,8,781756,0.4460019114367633,Page keywords,[],"[""fungi"", ""fungus"", ""mushrooms"", ""mushroom""]"
ASC0003a3f,8,781756,0.4460019114367633,contributor,"[687, 1363, 0, 0, 0, 0]","{""name""=>[""Vincent Brooks""], ""role""=>[""printer"", ""other"", ""illustrator""]}"
ASC0003a3l,7,781757,0.44828690361831575,Page keywords,[],"[""fungus"", ""fungi"", ""biology"", ""mycology""]"
ASC0003a3l,7,781757,0.44828690361831575,contributor,"[100, 1376, 0, 0, 0, 0]","{""name""=>[""W.Fitch del.et lith."", ""W. Rich"", ""W. Fitch"", ""W.Fitch del et lith""], ""role""=>[""otro"", ""lithographer"", ""illustrator""]}"
ASC0003a3l,7,781757,0.44828690361831575,contributor,"[710, 1379, 0, 0, 0, 0]","{""name""=>[""Vincent Brooks Imp"", ""Vincent Brooks"", ""Vincent Brooks Imp.""], ""role""=>[""ilustrador"", ""other"", ""printer""]}"
ASC0003a4d,7,781790,0.44828690361831575,Page keywords,[],"[""Flowering shrubs"", ""leaves"", ""flowers"", ""fruit"", ""Fruit cross sections"", ""leaf"", ""flower"", ""seed"", ""tree"", ""botany""]"
ASC0003a4d,7,781790,0.44828690361831575,drawing,"[0, 0, 21, 29, 758, 507]","{""keywords""=>[""leaf"", ""flower"", ""seed"", ""flowers""]}"
ASC0003a4d,7,781790,0.44828690361831575,drawing,"[0, 0, 22, 533, 753, 395]","{""keywords""=>[""fruit"", ""seed"", ""leaf"", ""tree"", ""flowers""]}"
ASC0003a4d,7,781790,0.44828690361831575,drawing,"[0, 0, 13, 920, 760, 437]","{""keywords""=>[""leaf"", ""seed"", ""flowers""]}"
ASC0003a4d,7,781790,0.44828690361831575,inscription,"[258, 526, 0, 0, 0, 0]","{""text""=>[""4."", ""3."", ""5."", ""7."", ""6."", ""8."", ""9.""]}"
ASC0003a4d,7,781790,0.44828690361831575,inscription,"[710, 571, 0, 0, 0, 0]","{""text""=>[""6."", ""1."", ""B."", ""8.""]}"
ASC0003a4d,7,781790,0.44828690361831575,inscription,"[345, 898, 0, 0, 0, 0]","{""text""=>[""7."", ""5."", ""9."", ""3."", ""10."", ""4."", ""2."", ""C."", ""1."", ""11.""]}"
ASC0003a4d,7,781790,0.44828690361831575,inscription,"[440, 1325, 0, 0, 0, 0]","{""text""=>[""5."", ""2."", ""10.""]}"
ASC0003a4v,8,781799,0.4396984924623116,Page keywords,[],"[""mushroom"", ""fungus""]"
ASC0003a4v,8,781799,0.4396984924623116,contributor,"[91, 1345, 0, 0, 0, 0]","{""name""=>[""W. Fitch"", ""W.Fitch""], ""role""=>[""illustrator"", ""lithographer""]}"
ASC0003a4v,8,781799,0.4396984924623116,contributor,"[660, 1346, 0, 0, 0, 0]","{""name""=>[""Vincent Brooks"", ""Vincent Brooks Imp.""], ""role""=>[""printer"", ""illustrator""]}"
ASC0003a4r,8,781800,0.45248868778280543,Page keywords,[],"[""mushrooms"", ""flower""]"
ASC0003a4r,8,781800,0.45248868778280543,drawing,"[0, 0, 16, 24, 749, 1354]","{""keywords""=>[""flower""]}"
ASC0003a5x,7,781873,0.46589018302828616,Page keywords,[],"[""plant"", ""roots"", ""leaves"", ""flowers"", ""seeds"", ""flower"", ""Vincent Brooks""]"
ASC0002zen,6,781986,0.4435994930291508,Page keywords,[],"[""plant"", ""Polypodium anomalum"", ""serrate"", ""leaf"", ""leaves"", ""branch"", ""fern"", ""polypodium"", ""sori"", ""botany""]"
ASC0002zen,6,781986,0.4435994930291508,drawing,"[0, 0, 10, 30, 760, 1370]","{""keywords""=>[""plant"", ""Polypodium anomalum"", ""serrate"", ""leaf"", ""leaves"", ""branch"", ""fern""]}"
ASC0002zen,6,781986,0.4435994930291508,species,"[339, 975, 0, 0, 0, 0]","{""common""=>[""""], ""scientific""=>[""Polypodium anomahum "", ""Polypodium anomalum""]}"
ASC0002zen,6,781986,0.4435994930291508,contributor,"[72, 1361, 0, 0, 0, 0]","{""name""=>[""W. Fitch"", ""W.Fitch""], ""role""=>[""illustrator"", ""lithographer""]}"
ASC0002zen,6,781986,0.4435994930291508,contributor,"[698, 1355, 0, 0, 0, 0]","{""name""=>[""Vincent Brooks""], ""role""=>[""printer""]}"
ASC0002zg5,8,781991,0.4472843450479233,Page keywords,[],"[""plant"", ""flower"", ""American species of Genetum""]"
ASC0002zg5,8,781991,0.4472843450479233,drawing,"[0, 0, 3, 27, 763, 1361]","{""keywords""=>[""plant"", ""flower""]}"
ASC0002zfs,6,781992,0.43586550435865506,Page keywords,[],"[""plant"", ""gymnosperm"", ""leaf"", ""seed"", ""pod"", ""nut"", ""bud"", ""fruit"", ""gnetum"", ""female"", ""flower"", ""ovum"", ""botany"", ""branch"", ""amentum"", ""ovule"", ""endocarp"", ""section"", ""Gnetum paniculatum"", ""oval"", ""cross section""]"
ASC0002zfs,6,781992,0.43586550435865506,drawing,"[0, 0, 17, 24, 767, 1351]","{""keywords""=>[""plant"", ""gymnosperm"", ""leaf"", ""seed"", ""pod"", ""nut"", ""bud"", ""fruit"", ""Gnetum paniculatum"", ""oval"", ""flower"", ""cross section"", ""section""]}"
ASC0002zfs,6,781992,0.43586550435865506,contributor,"[674, 1351, 0, 0, 0, 0]","{""name""=>[""vincent brooks"", ""Vincent Brooks"", ""Vincent Brooke""], ""role""=>[""illustrator"", ""printer""]}"
ASC0002zfs,6,781992,0.43586550435865506,contributor,"[77, 1366, 0, 0, 0, 0]","{""name""=>[""blank"", ""Fitch"", ""itch""], ""role""=>[""blank"", ""illustrator"", ""lithographer""]}"
ASC0002zfv,6,781997,0.435052827843381,Page keywords,[],"[""andraea"", ""australis"", ""mitten"", ""gardeneriarum"", ""mnium"", ""venustum"", ""plant \r\nstructures\r\nspecies "", ""flower"", ""plant"", ""botany"", ""plant details""]"
ASC0002zfv,6,781997,0.435052827843381,drawing,"[0, 0, 44, 53, 713, 418]","{""keywords""=>[""andraea"", ""australis"", ""mitten"", ""plant"", ""botany"", ""plant details"", ""flower""]}"
ASC0002zfv,6,781997,0.435052827843381,drawing,"[0, 0, 18, 487, 338, 870]","{""keywords""=>[""mitten"", ""gardeneriarum"", ""flower"", ""botany"", ""plant details""]}"
ASC0002zfv,6,781997,0.435052827843381,drawing,"[0, 0, 368, 481, 403, 879]","{""keywords""=>[""mitten"", ""mnium"", ""venustum"", ""flower"", ""botany"", ""plant details""]}"
ASC0002zfv,6,781997,0.435052827843381,species,"[149, 1316, 0, 0, 0, 0]","{""common""=>[""blank"", """"], ""scientific""=>[""blank"", ""Scistomitrium Gardenerianum"", ""Schistornitrium Gardenerianum""]}"
ASC0002zfv,6,781997,0.435052827843381,species,"[559, 1317, 0, 0, 0, 0]","{""common""=>[""blank"", """"], ""scientific""=>[""blank"", ""Mnium venustum""]}"
ASC0002zfv,6,781997,0.435052827843381,contributor,"[671, 1372, 0, 0, 0, 0]","{""name""=>[""Vincent Brooks"", ""Vincent Brooks hmp.""], ""role""=>[""other"", ""printer""]}"
ASC0002zfv,6,781997,0.435052827843381,contributor,"[115, 1372, 0, 0, 0, 0]","{""name""=>[""W. Mitten"", ""W. Patch"", ""W. Mitten del.W.Pitch.del"", ""W.Mitten"", ""W.Fitch"", ""W. Fitch""], ""role""=>[""illustrator"", ""engraver""]}"
ASC000398y,5,782875,0.4403900597672224,Page keywords,[],"[""Campnosperma"", ""Pteridophyllum"", ""aximandra"", ""berry"", ""leaf"", ""plant"", ""bud"", ""stem"", ""campnosperma"", ""zeylanicum"", ""flower"", ""seed"", ""cross section"", ""pteridophyllum"", ""decipiens"", ""stalk"", ""pod"", ""Aximandra Zeylanica"", ""campnosperma zeylanicum"", ""drawing"", ""fruit"", ""flowers"", ""leaves"", ""seeds"", ""Pteridophyllum decipiens drawing"", ""Aximanmdra zeylanica"", ""Anacardiaceae"", ""cashews"", ""Plantae"", ""ovary"", ""Sri Lanka"", ""calyx"", ""male flower"", ""female flower"", ""stamen"", ""poppy"", ""Japan"", ""raceme"", ""tree"", ""Axinandra"", ""pol hunna"", ""endangered""]"
ASC000398y,5,782875,0.4403900597672224,drawing,"[0, 0, 19, 21, 744, 454]","{""keywords""=>[""Campnosperma"", ""Pteridophyllum"", ""aximandra"", ""berry"", ""leaf"", ""plant"", ""bud"", ""stem"", ""campnosperma"", ""zeylanicum"", ""campnosperma zeylanicum"", ""drawing"", ""fruit"", ""flowers"", ""leaves"", ""seeds"", ""Anacardiaceae"", ""cashews"", ""Plantae"", ""cross section"", ""ovary"", ""Sri Lanka"", ""flower"", ""calyx"", ""seed""]}"
ASC000398y,5,782875,0.4403900597672224,drawing,"[0, 0, 17, 477, 746, 386]","{""keywords""=>[""bud"", ""flower"", ""seed"", ""cross section"", ""pteridophyllum"", ""decipiens"", ""Pteridophyllum decipiens drawing"", ""flowers"", ""seeds"", ""Plantae"", ""male flower"", ""female flower"", ""ovary"", ""stamen"", ""poppy"", ""Japan""]}"
ASC000398y,5,782875,0.4403900597672224,drawing,"[0, 0, 12, 868, 759, 510]","{""keywords""=>[""leaf"", ""flower"", ""stalk"", ""stem"", ""pod"", ""bud"", ""Aximandra Zeylanica"", ""Aximanmdra zeylanica"", ""flowers"", ""fruit"", ""seeds"", ""leaves"", ""Plantae"", ""cross section"", ""raceme"", ""ovary"", ""calyx"", ""tree"", ""Axinandra"", ""pol hunna"", ""endangered"", ""Sri Lanka""]}"
ASC000398y,5,782875,0.4403900597672224,species,"[358, 168, 0, 0, 0, 0]","{""common""=>[""""], ""scientific""=>[""campnosperma Zeylanicum "", ""Campnosperma Zeylanicum""]}"
ASC000398y,5,782875,0.4403900597672224,species,"[423, 561, 0, 0, 0, 0]","{""common""=>[""""], ""scientific""=>[""Pterudiophyllum decipiens"", ""Pteridophyllum decipiens""]}"
ASC000398y,5,782875,0.4403900597672224,contributor,"[681, 1352, 0, 0, 0, 0]","{""name""=>[""F Reeve"", ""F. Reeves"", ""F. Reeve""], ""role""=>[""printer""]}"
ASC000398y,5,782875,0.4403900597672224,contributor,"[98, 1342, 0, 0, 0, 0]","{""name""=>[""H. De Alwis, del Fitch, Lith."", ""H. Del Alwes"", ""H. de Alwis"", ""Fitch""], ""role""=>[""lithographer"", ""illustrator"", ""artist""]}"
ASC0003990,7,782876,0.4403900597672224,Page keywords,[],"[""Terpnophyllum Zeylanicum"", ""monoporandra elegans"", ""stemonoporus gardneri"", ""flower"", ""plant"", ""botany"", ""Botany"", ""diagram"", ""Stemonoporus gardneri"", ""Dipterocarpaceae"", ""Sri Lanka"", ""flowering plant"", ""biology"", ""Monoporandra elegans"", ""fruit"", ""branch"", ""leaves"", ""leaf"", ""Thw.""]"
ASC0003990,7,782876,0.4403900597672224,drawing,"[0, 0, 11, 956, 759, 444]","{""keywords""=>[""flower"", ""plant"", ""botany"", ""Botany"", ""diagram""]}"
ASC0003990,7,782876,0.4403900597672224,drawing,"[0, 0, 13, 542, 755, 409]","{""keywords""=>[""flower"", ""plant"", ""botany"", ""Botany"", ""diagram""]}"
ASC0003990,7,782876,0.4403900597672224,drawing,"[0, 0, 15, 34, 762, 504]","{""keywords""=>[""flower"", ""plant"", ""botany"", ""Botany"", ""diagram""]}"
ASC0003990,7,782876,0.4403900597672224,species,"[460, 176, 0, 0, 0, 0]","{""common""=>[""""], ""scientific""=>[""Stemonoporus Gardneri""]}"
ASC0003990,7,782876,0.4403900597672224,species,"[367, 627, 0, 0, 0, 0]","{""common""=>[""""], ""scientific""=>[""Monoporandra elegans"", ""Stemonoporus Gardneri"", ""Monoporandra elegans, Thw.""]}"
ASC0003990,7,782876,0.4403900597672224,species,"[405, 1030, 0, 0, 0, 0]","{""common""=>[""""], ""scientific""=>[""Terpnophyllum Zeylanicum"", ""Monoporandra elegans"", ""Terpnophyllum Zevlanicum"", ""Terpnophyllum Zeylanicium""]}"
ASC0003990,7,782876,0.4403900597672224,contributor,"[668, 1339, 0, 0, 0, 0]","{""name""=>[""F. Reeve"", ""F.Reeve""], ""role""=>[""printer""]}"
ASC0003990,7,782876,0.4403900597672224,contributor,"[116, 1354, 0, 0, 0, 0]","{""name""=>[""H. De Alwis"", ""Fitch"", ""H.De Alvis, del""], ""role""=>[""illustrator"", ""lithographer""]}"
ASC0002zh3,5,782909,0.4451510333863275,Page keywords,[],"[""Argan"", ""nut"", ""tree"", ""flora"", ""Western Barbary"", ""Argania sideroxylon"", ""Rets."", ""flowering plant"", ""Argania spinosa"", ""asteroids"", ""botany"", ""biology"", ""plant"", ""flower""]"
ASC0002zh3,5,782909,0.4451510333863275,drawing,"[0, 0, -5, 7, 796, 1388]","{""keywords""=>[""Argania sideroxylon"", ""Rets."", ""flowering plant"", ""tree"", ""Argania spinosa"", ""asteroids"", ""botany"", ""biology"", ""plant"", ""flower""]}"
ASC0002zh3,5,782909,0.4451510333863275,contributor,"[658, 1332, 0, 0, 0, 0]","{""name""=>[""F. Reeve, imp."", ""F. Reeve imp"", ""F.Reeve""], ""role""=>[""printer""]}"
ASC0002zh3,5,782909,0.4451510333863275,contributor,"[74, 1330, 0, 0, 0, 0]","{""name""=>[""Fitch, del. et. lith:"", ""Fitch del et lith"", ""Fitch""], ""role""=>[""lithographer"", ""illustrator""]}"
ASC0002zh0,5,782910,0.4451510333863275,Page keywords,[],"[""Fruit"", ""fruit"", ""fruit ovule pod"", ""nut"", ""argania"", ""sideroxylon"", ""fitch""]"
ASC0002zh0,5,782910,0.4451510333863275,drawing,"[0, 0, 9, 23, 755, 1344]","{""keywords""=>[""fruit ovule pod"", ""nut"", ""argania"", ""sideroxylon"", ""fitch""]}"
ASC0002zh0,5,782910,0.4451510333863275,contributor,"[77, 1340, 0, 0, 0, 0]","{""name""=>[""Fitch""], ""role""=>[""illustrator"", ""lithographer""]}"
ASC0002zh0,5,782910,0.4451510333863275,contributor,"[674, 1335, 0, 0, 0, 0]","{""name""=>[""F. Reeve"", ""F.Reeve""], ""role""=>[""illustrator"", ""printer""]}"
ASC0002zh7,6,782943,0.45045045045045046,Page keywords,[],"[""mushrooms"", ""fungi"", ""fungus""]"
ASC0002zh7,6,782943,0.45045045045045046,contributor,"[656, 1325, 0, 0, 0, 0]","{""name""=>[""Vincent Brooks""], ""role""=>[""lithographer"", ""printer"", ""illustrator""]}"
ASC0002zgu,5,782944,0.44472681067344344,Page keywords,[],"[""Fungi"", ""fungi"", ""fruit bodies"", ""Cordyceps"", ""Lentinus praerigidus"", ""mushroom"", ""bloom"", ""fungus"", ""cordyceps"", ""racemosa"", ""berk"", ""falcata"", ""schlerographimum"", ""aterrimum"", ""orchid"", ""bug"", ""seed"", ""caterpillar""]"
ASC0002zgu,5,782944,0.44472681067344344,drawing,"[0, 0, 5, 18, 766, 1376]","{""keywords""=>[""Fungi"", ""fungi"", ""fruit bodies"", ""Cordyceps"", ""Lentinus praerigidus"", ""mushroom"", ""bloom"", ""fungus"", ""cordyceps"", ""racemosa"", ""berk"", ""falcata"", ""schlerographimum"", ""aterrimum""]}"
ASC0002zgu,5,782944,0.44472681067344344,species,"[166, 1022, 0, 0, 0, 0]","{""common""=>[""""], ""scientific""=>[""Sclerographium aterrimuin"", ""Cordyceps falcata Berk."", ""C. falcata""]}"
ASC0002zgu,5,782944,0.44472681067344344,species,"[399, 399, 0, 0, 0, 0]","{""common""=>[""""], ""scientific""=>[""Lentinus praerigidus Berk."", ""Lentinus praerigidus""]}"
ASC0002zgu,5,782944,0.44472681067344344,species,"[381, 1051, 0, 0, 0, 0]","{""common""=>[""""], ""scientific""=>[""Cordyceps racemosa Berk."", ""Cordyceps racemosa""]}"
ASC0002zgu,5,782944,0.44472681067344344,species,"[600, 1123, 0, 0, 0, 0]","{""common""=>[""""], ""scientific""=>[""Sclerographium aterrimum Berk."", ""Schlerographium aterrimum"", ""Sclerographum aterrimum""]}"
ASC0002zgu,5,782944,0.44472681067344344,contributor,"[74, 1307, 0, 0, 0, 0]","{""name""=>[""Fitch""], ""role""=>[""lithographer"", ""illustrator""]}"
ASC00039gc,7,782959,0.45366169799092676,Page keywords,[],"[""leaf"", ""close up"", ""algae"", ""plant"", ""marine"", ""color"", ""seaweed"", ""red"", ""leaves"", ""veins""]"
ASC00039gc,7,782959,0.45366169799092676,drawing,"[0, 0, -2, 53, 797, 1343]","{""keywords""=>[""leaf"", ""close up"", ""leaves"", ""veins""]}"
ASC00039gc,7,782959,0.45366169799092676,species,"[321, 1370, 0, 0, 0, 0]","{""common""=>[""""], ""scientific""=>[""Vanvoorsua spectabilis"", ""Vanvoorstia spectabilis"", ""Vanvoorstua spectabilis, Harv.""]}"
ASC00039gc,7,782959,0.45366169799092676,contributor,"[70, 1320, 0, 0, 0, 0]","{""name""=>[""Fitch"", ""Fitch del et lith""], ""role""=>[""illustrator"", ""lithographer""]}"
ASC00039gc,7,782959,0.45366169799092676,contributor,"[678, 1328, 0, 0, 0, 0]","{""name""=>[""Vincent Brooks"", ""Vincent Brooks Imp""], ""role""=>[""printer"", ""lithographer""]}"
ASC00039hh,6,782960,0.45366169799092676,Page keywords,[],"[""fitch"", ""lithograph"", ""claudea"", ""multifida"", ""vincent"", ""brooks"", ""red leaves"", ""cells"", ""Vincent Brooks Imp""]"
ASC00039hh,6,782960,0.45366169799092676,drawing,"[0, 0, 10, 86, 801, 1300]","{""keywords""=>[""fitch"", ""lithograph"", ""claudea"", ""multifida"", ""vincent"", ""brooks"", ""red leaves"", ""cells""]}"
ASC00039kb,6,783117,0.45856534556174255,Page keywords,[],"[""plants"", ""plant"", ""botany"", ""leaf"", ""leaves"", ""seed"", ""fruit"", ""flower"", ""seeds"", ""flowers"", ""stamen"", ""pistil"", ""cross section"", ""Helminthospermum"", ""scabridum"", ""allaeanthus"", ""zeylanicum"", ""streptostigma"", ""viridiflorum""]"
ASC00039kb,6,783117,0.45856534556174255,species,"[459, 552, 0, 0, 0, 0]","{""common""=>[""""], ""scientific""=>[""Streptostigma viridiflorum"", ""Allaeanthus zeylanicum""]}"
ASC00039kb,6,783117,0.45856534556174255,contributor,"[677, 1372, 0, 0, 0, 0]","{""name""=>[""Vincent Brooks""], ""role""=>[""other"", ""printer""]}"
ASC00039kb,6,783117,0.45856534556174255,contributor,"[100, 1380, 0, 0, 0, 0]","{""name""=>[""JHK.T&H De Alivis del"", ""J.H.K.T. & H. De Alvis"", ""J.H.K.T. & H. De Alivis""], ""role""=>[""illustrator""]}"
ASC00039od,6,783201,0.45632333767926986,Page keywords,[],"[""plant flower"", ""flower"", ""pollen"", ""plant"", ""flora"", ""Ericaceae"", ""China"", ""flowers"", ""plant parts"", ""leaf"", ""fruit"", ""stamen"", ""floral morphology"", ""seeds"", ""seed"", ""leaves"", ""Diplarche multiflora"", ""diplarche"", ""pauciflora"", ""blossom"", ""bloom""]"
ASC00039od,6,783201,0.45632333767926986,drawing,"[0, 0, 1, 788, 780, 602]","{""keywords""=>[""flower"", ""pollen"", ""plant"", ""flora"", ""Ericaceae"", ""China"", ""flowers"", ""plant parts"", ""leaf"", ""fruit"", ""stamen"", ""floral morphology"", ""seeds"", ""seed"", ""leaves""]}"
ASC00039od,6,783201,0.45632333767926986,drawing,"[0, 0, 5, 27, 781, 756]","{""keywords""=>[""flower"", ""plant"", ""flora"", ""Ericaceae"", ""China"", ""flowers"", ""plant parts"", ""leaf"", ""fruit"", ""stamen"", ""floral morphology"", ""pollen"", ""seeds"", ""seed"", ""leaves""]}"
ASC00039od,6,783201,0.45632333767926986,species,"[423, 450, 0, 0, 0, 0]","{""common""=>["""", ""blank""], ""scientific""=>[""Diplarche multiflora "", ""Diplarche multiflora"", ""blank""]}"
ASC00039od,6,783201,0.45632333767926986,species,"[387, 1053, 0, 0, 0, 0]","{""common""=>["""", ""Diplarche pauciflora""], ""scientific""=>[""Diplarche pauciflora"", """"]}"
ASC00039od,6,783201,0.45632333767926986,contributor,"[96, 1382, 0, 0, 0, 0]","{""name""=>[""J.D.Hanal"", ""Fitch"", ""J.D. Hanal. Fitch"", ""J.D. Hanal; Fitch"", ""J.D.H.""], ""role""=>[""lithographer"", ""illustrator""]}"
ASC00039od,6,783201,0.45632333767926986,contributor,"[658, 1386, 0, 0, 0, 0]","{""name""=>[""Vincent Brooks""], ""role""=>[""printer""]}"
ASC00039nq,6,783202,0.44871794871794873,Page keywords,[],"[""plant"", ""flowers"", ""Himalaica"", ""maddenia"", ""asia"", ""china"", ""purple"", ""red"", ""bud"", ""blossom"", ""Maddenia hintalaica"", ""plant - seeds - flower""]"
ASC00039nq,6,783202,0.44871794871794873,drawing,"[0, 0, 8, 4, 772, 1376]","{""keywords""=>[""flowers"", ""Himalaica"", ""maddenia"", ""asia"", ""china"", ""purple"", ""red"", ""bud"", ""blossom"", ""Maddenia hintalaica""]}"
ASC00039nq,6,783202,0.44871794871794873,contributor,"[100, 1365, 0, 0, 0, 0]","{""name""=>[""J.D. Hanal"", ""Fitch"", ""J.D.H."", ""JD Hanal fitch""], ""role""=>[""lithographer"", ""other""]}"
ASC00039nq,6,783202,0.44871794871794873,contributor,"[664, 1363, 0, 0, 0, 0]","{""name""=>[""Vincent Brooks""], ""role""=>[""printer"", ""illustrator""]}"
ASC000393f,6,783981,0.43873393920401127,Page keywords,[],"[""plants"", ""veins"", ""spots"", ""eggs?"", ""fern?"", ""fern"", ""fungus"", ""plant"", ""leaves""]"
ASC000393f,6,783981,0.43873393920401127,contributor,"[660, 1381, 0, 0, 0, 0]","{""name""=>[""F.Reeve, imp"", ""F.Reeve"", ""F. Reeve""], ""role""=>[""other"", ""printer""]}"
ASC0003i24,8,784398,0.4532211071544189,Page keywords,[],"[""fern"", ""page 237"", ""inscription"", ""botany"", ""leaf""]"
ASC0003i24,8,784398,0.4532211071544189,contributor,"[716, 1347, 0, 0, 0, 0]","{""name""=>[""F Reeve"", ""F.Reeve"", ""F. Reeve""], ""role""=>[""printer""]}"
ASC0003967,5,784400,0.45205037132709075,Page keywords,[],"[""aquatic plant"", ""botany"", ""plant india"", ""plant morphology"", ""flowers"", ""Lagenandra toxicaria"", ""bud"", ""flower"", ""petal"", ""stem"", ""asia"", ""Araceae"", ""india""]"
ASC0003967,5,784400,0.45205037132709075,drawing,"[0, 0, 14, 23, 769, 1366]","{""keywords""=>[""aquatic plant"", ""botany"", ""plant india"", ""flowers"", ""Lagenandra toxicaria"", ""bud"", ""flower"", ""petal"", ""stem"", ""asia"", ""Araceae"", ""india""]}"
ASC0003967,5,784400,0.45205037132709075,contributor,"[86, 1367, 0, 0, 0, 0]","{""name""=>[""Fitch""], ""role""=>[""illustrator"", ""lithographer""]}"
ASC0003967,5,784400,0.45205037132709075,contributor,"[740, 1362, 0, 0, 0, 0]","{""name""=>[""F Reeve"", ""F. Reeve""], ""role""=>[""printer"", ""illustrator""]}"
ASC000396t,7,784401,0.45205037132709075,Page keywords,[],"[""plant"", ""Plant"", ""flowers"", ""flower"", ""leaves"", ""germination"", ""seeds"", ""plant heads"", ""buds"", ""stamen"", ""stem""]"
ASC000396t,7,784401,0.45205037132709075,drawing,"[0, 0, 20, 26, 749, 1358]","{""keywords""=>[""plant"", ""Plant"", ""flowers"", ""leaves"", ""buds"", ""stamen"", ""stem""]}"
ASC000396t,7,784401,0.45205037132709075,contributor,"[88, 1361, 0, 0, 0, 0]","{""name""=>[""Fitch"", ""Fitch del et lith.""], ""role""=>[""lithographer"", ""other""]}"
ASC000396t,7,784401,0.45205037132709075,contributor,"[641, 1363, 0, 0, 0, 0]","{""name""=>[""F. Reeve"", ""F.Reeve"", ""Gard le Champ""], ""role""=>[""printer"", ""illustrator""]}"
ASC0003970,6,784402,0.45841519318926,Page keywords,[],"[""flower"", """", ""Sri lanka"", ""endangered""]"
ASC0003970,6,784402,0.45841519318926,drawing,"[0, 0, 20, 15, 769, 1376]","{""keywords""=>[""flower""]}"
ASC0003970,6,784402,0.45841519318926,species,"[284, 1031, 0, 0, 0, 0]","{""common""=>[""""], ""scientific""=>[""Kokoona zeylanica Thw."", ""Kokoona zeylanica Thw""]}"
ASC0003970,6,784402,0.45841519318926,contributor,"[89, 1356, 0, 0, 0, 0]","{""name""=>[""Fitch""], ""role""=>[""illustrator"", ""lithographer"", ""artist""]}"
ASC0003970,6,784402,0.45841519318926,contributor,"[670, 1321, 0, 0, 0, 0]","{""name""=>[""F.Reeve"", ""F. Reeve""], ""role""=>[""printer"", ""other""]}"
ASC000396r,5,784403,0.45841519318926,Page keywords,[],"[""flora"", ""Thymelaeaceae"", ""Drapetes Tasmanica"", ""tasman"", ""australia"", ""leaf"", ""narrow"", ""linear"", ""root"", ""seed"", ""bud"", ""flower"", ""pollen""]"
ASC000396r,5,784403,0.45841519318926,drawing,"[0, 0, 0, 35, 785, 1351]","{""keywords""=>[""Drapetes Tasmanica"", ""tasman"", ""australia"", ""leaf"", ""narrow"", ""linear"", ""root"", ""seed"", ""bud"", ""flower"", ""pollen""]}"
ASC000396r,5,784403,0.45841519318926,species,"[346, 1341, 0, 0, 0, 0]","{""common""=>[""""], ""scientific""=>[""Drapetes Tasmanica, Hook: fil."", ""Drapetes tasmanica, Hook:fil"", ""Drapetes Tasmanica""]}"
ASC000396r,5,784403,0.45841519318926,contributor,"[728, 1362, 0, 0, 0, 0]","{""name""=>[""F.Reeve imp."", ""F. Reeve"", ""E Reeve"", ""F.Reeve""], ""role""=>[""printer""]}"
ASC000396r,5,784403,0.45841519318926,contributor,"[82, 1375, 0, 0, 0, 0]","{""name""=>[""Fitch. del et lith"", ""Fitch""], ""role""=>[""lithographer"", ""illustrator""]}"
ASC000396u,5,784404,0.4608294930875576,Page keywords,[],"[""plant"", ""shrub"", ""botany"", ""flower stamen pistil leaves plant"", ""ribbed thryptomene"", ""thryptomene"", ""micrantha"", ""australia"", ""flower"", ""white"", ""bud"", ""petal"", ""Thryptomene micrantha""]"
ASC000396u,5,784404,0.4608294930875576,drawing,"[0, 0, 14, 17, 764, 1359]","{""keywords""=>[""plant"", ""shrub"", ""botany"", ""flower stamen pistil leaves plant"", ""ribbed thryptomene"", ""thryptomene"", ""micrantha"", ""australia"", ""flower"", ""white"", ""bud"", ""petal"", ""Thryptomene micrantha""]}"
ASC000396c,6,784405,0.4554326610279766,Page keywords,[],"[""plant"", ""Milligania longifolia"", ""fitch"", ""reeve"", ""bud"", ""flower"", ""pod"", ""seed"", ""stalk"", ""leaf"", ""stem"", ""flowers"", ""leaves"", ""stems"", ""cross section""]"
ASC000396c,6,784405,0.4554326610279766,drawing,"[0, 0, 16, 16, 767, 1362]","{""keywords""=>[""plant"", ""Milligania longifolia"", ""fitch"", ""reeve"", ""bud"", ""flower"", ""pod"", ""seed"", ""stalk"", ""leaf"", ""stem""]}"
ASC000396c,6,784405,0.4554326610279766,contributor,"[74, 1350, 0, 0, 0, 0]","{""name""=>[""Fitch "", ""Fitch""], ""role""=>[""illustrator"", ""lithographer""]}"
ASC000396y,5,784406,0.45425048669695,Page keywords,[],"[""Shasta buckwheat"", ""pyrola-leafed buckwheat"", ""alpine buckwheat"", ""alpine eriogonum"", ""oarleaf buckwheat"", ""dirty socks"", ""Eriogonum pyrolifolium"", ""Eriogonum staticifolium Hook."", ""plant"", ""botany"", ""biology"", ""flower"", ""Caryophyllales"", ""Polygonaceae"", ""Eriogonum staticifolium"", ""root"", ""buckwheat"", ""grain"", ""petal"", ""seed"", ""stalk"", ""bloom""]"
ASC000396y,5,784406,0.45425048669695,drawing,"[0, 0, 14, 15, 772, 1387]","{""keywords""=>[""Shasta buckwheat"", ""pyrola-leafed buckwheat"", ""alpine buckwheat"", ""alpine eriogonum"", ""oarleaf buckwheat"", ""dirty socks"", ""Eriogonum pyrolifolium"", ""Eriogonum staticifolium Hook."", ""plant"", ""botany"", ""biology"", ""flower"", ""Caryophyllales"", ""Polygonaceae"", ""Eriogonum staticifolium"", ""root"", ""buckwheat"", ""grain"", ""petal"", ""seed"", ""stalk"", ""bloom""]}"
ASC000396y,5,784406,0.45425048669695,contributor,"[87, 1361, 0, 0, 0, 0]","{""name""=>[""Fitch, del et lith"", ""Fitch""], ""role""=>[""illustrator"", ""lithographer""]}"
ASC000396y,5,784406,0.45425048669695,contributor,"[726, 1346, 0, 0, 0, 0]","{""name""=>[""F. Reeve, imp"", ""F. Reeve"", ""F.Reeve""], ""role""=>[""printer""]}"
ASC000396v,5,784407,0.45425048669695,Page keywords,[],"[""plant"", ""fern"", ""Polypodium Lobbianum"", ""leaf"", ""spiky"", ""pointed"", ""smooth"", ""tall"", ""botany"", ""leaves"", ""stem""]"
ASC000396v,5,784407,0.45425048669695,drawing,"[0, 0, 17, 18, 758, 1371]","{""keywords""=>[""plant"", ""fern"", ""Polypodium Lobbianum"", ""leaf"", ""spiky"", ""pointed"", ""smooth"", ""tall"", ""botany"", ""leaves"", ""stem""]}"
ASC000396v,5,784407,0.45425048669695,contributor,"[77, 1345, 0, 0, 0, 0]","{""name""=>[""Fitch"", ""Fitch del et Lith""], ""role""=>[""illustrator"", ""lithographer""]}"
ASC000396v,5,784407,0.45425048669695,contributor,"[693, 1337, 0, 0, 0, 0]","{""name""=>[""F.Reeve"", ""F. Reeve"", ""F Reeve"", ""F. Reeve imp""], ""role""=>[""printer"", ""illustrator""]}"
ASC000396z,6,784408,0.45662100456621,Page keywords,[],"[""Horkelia Gordonii"", ""drawing"", ""botanical"", ""Kew Gardens"", ""Hooker's Journal of Botany"", ""flowering"", ""bud"", ""Hooker"", ""leaf segment"", ""flower"", ""botany"", ""Horkelia"", ""gordoni""]"
ASC000396z,6,784408,0.45662100456621,drawing,"[0, 0, 22, 14, 761, 1377]","{""keywords""=>[""Horkelia Gordonii"", ""drawing"", ""botanical"", ""Kew Gardens"", ""Hooker's Journal of Botany"", ""flowering"", ""bud"", ""Hooker"", ""leaf segment"", ""flower"", ""Horkelia"", ""gordoni""]}"
ASC000396z,6,784408,0.45662100456621,contributor,"[692, 1335, 0, 0, 0, 0]","{""name""=>[""F. Reeve"", ""F.Reeve""], ""role""=>[""printer"", ""illustrator""]}"
ASC000396z,6,784408,0.45662100456621,contributor,"[113, 1343, 0, 0, 0, 0]","{""name""=>[""Fitch""], ""role""=>[""lithographer"", ""illustrator""]}"
ASC0003i6r,6,784932,0.437636761487965,Page keywords,[],"[""flowers"", ""botanical"", ""flower"", ""leaves"", ""buds"", ""new species"", ""nova sp."", ""Dilleniaceae"", ""angiosperm"", ""botany"", ""leaf"", ""bud"", ""stamen"", ""ovary"", ""ovule"", ""historical taxonomy"", ""Plant anatomy"", ""seed pod""]"
ASC0003i6r,6,784932,0.437636761487965,drawing,"[0, 0, 18, 18, 794, 1388]","{""keywords""=>[""flowers"", ""botanical"", ""flower"", ""leaves"", ""buds""]}"
ASC0003i6r,6,784932,0.437636761487965,contributor,"[116, 1299, 0, 0, 0, 0]","{""name""=>[""W.Fitch"", ""Walter Hood Fitch"", ""W. Fitch""], ""role""=>[""illustrator"", ""lithographer""]}"
ASC0003i6r,6,784932,0.437636761487965,contributor,"[710, 1315, 0, 0, 0, 0]","{""name""=>[""Vincent Brooks"", ""Vincetn Brooks Imp""], ""role""=>[""engraver"", ""printer""]}"
ASC0003i3f,5,784933,0.430239704978488,Page keywords,[],"[""flower"", ""foliage"", ""seed"", ""seed casing"", ""plant"", ""Hermistemma candicans"", ""bloom"", ""bud"", ""petal"", ""stalk"", ""leaf"", ""leave"", ""oblong"", ""flowers leaves plant""]"
ASC0003i3f,5,784933,0.430239704978488,drawing,"[0, 0, 22, 28, 749, 1352]","{""keywords""=>[""flower"", ""foliage"", ""seed"", ""seed casing"", ""plant"", ""Hermistemma candicans"", ""bloom"", ""bud"", ""petal"", ""stalk"", ""leaf"", ""leave"", ""oblong"", ""flowers leaves plant""]}"
ASC0003i3f,5,784933,0.430239704978488,contributor,"[86, 1341, 0, 0, 0, 0]","{""name""=>[""W. Fitch"", ""W Fitch""], ""role""=>[""illustrator"", ""lithographer""]}"
ASC0003i34,5,784982,0.44052863436123346,Page keywords,[],"[""many"", ""plants"", ""page"", ""full"", ""flowers"", ""stem"", ""leaf"", ""Prionium Palmetta"", ""flower"", ""bud"", ""stalk"", ""petal"", ""pollen"", ""bloom"", ""rhizome""]"
ASC0003i34,5,784982,0.44052863436123346,drawing,"[0, 0, -3, 12, 783, 1377]","{""keywords""=>[""Prionium Palmetta"", ""flower"", ""bud"", ""stalk"", ""stem"", ""petal"", ""pollen"", ""bloom"", ""rhizome""]}"
ASC0003i34,5,784982,0.44052863436123346,species,"[304, 985, 0, 0, 0, 0]","{""common""=>[""""], ""scientific""=>[""Prionium Palmetta, E. Meyer"", ""Prionium Palmetta"", ""Prionium palmetta""]}"
ASC0003i34,5,784982,0.44052863436123346,contributor,"[126, 1131, 0, 0, 0, 0]","{""name""=>[""W. Fitch del et. lith"", ""W. Fitch""], ""role""=>[""illustrator"", ""lithographer""]}"
ASC0003i34,5,784982,0.44052863436123346,contributor,"[674, 1305, 0, 0, 0, 0]","{""name""=>[""Vincent Brooks""], ""role""=>[""other"", ""printer""]}"
ASC0003i34,5,784982,0.44052863436123346,contributor,"[59, 1334, 0, 0, 0, 0]","{""name""=>[""W. Fitch"", ""W.Fitch""], ""role""=>[""illustrator"", ""lithographer""]}"
ASC0003i6j,7,785063,0.437636761487965,Page keywords,[],"[""plant"", ""flower"", ""flora"", ""pod"", ""stem"", ""seed""]"
ASC0003i6j,7,785063,0.437636761487965,contributor,"[72, 1358, 0, 0, 0, 0]","{""name""=>[""W.Fitch"", ""W. Pitch""], ""role""=>[""illustrator"", ""lithographer""]}"
ASC0003i2l,8,785086,0.43914680050188204,Page keywords,[],"[""Detailed drawings of a plant"", ""flowers"", ""Bryocarpum"", ""stem"", ""flower"", ""leaf"", ""plant""]"
ASC0003i5o,6,785089,0.4390090937597993,Page keywords,[],"[""soapberry"", ""flowering plant"", ""Chinese tree plant"", ""botany"", ""flower"", ""plant""]"
ASC0003i5o,6,785089,0.4390090937597993,drawing,"[0, 0, 5, 20, 753, 1344]","{""keywords""=>[""soapberry"", ""flower""]}"
ASC0003i5o,6,785089,0.4390090937597993,species,"[377, 1358, 0, 0, 0, 0]","{""common""=>[""""], ""scientific""=>[""Loxodiscus coriaceus"", ""loxodiacus coriaceus""]}"
ASC0003i5o,6,785089,0.4390090937597993,contributor,"[671, 1342, 0, 0, 0, 0]","{""name""=>[""Vincent Brooks""], ""role""=>[""printer"", ""illustrator""]}"
ASC0002yki,8,785134,0.4435994930291508,Page keywords,[],"[""plant"", ""flower"", ""herbaceous"", ""botany"", ""seed"", ""ovum"", ""calyx"", ""Lancea Tibericu"", ""micranthemum"", ""lancea""]"
ASC0002yki,8,785134,0.4435994930291508,contributor,"[112, 1339, 0, 0, 0, 0]","{""name""=>[""W.Fitch"", ""W. Fitch""], ""role""=>[""illustrator"", ""lithographer"", ""artist""]}"
ASC0002yki,8,785134,0.4435994930291508,contributor,"[687, 1324, 0, 0, 0, 0]","{""name""=>[""Vincent Brooks"", ""blank""], ""role""=>[""printer"", ""blank"", ""illustrator""]}"
ASC0002yld,7,785137,0.4438807863031072,Page keywords,[],"[""plant"", ""parts"", ""flower"", ""plants"", ""stems"", ""leaves"", ""flowers"", ""stamens"", ""pistils"", ""hairs"", ""seeds"", ""seed-pods"", ""anatomy"", ""seed"", ""stem"", ""leaf"", ""cross-section"", ""Malampyrum indicum""]"
ASC0002yld,7,785137,0.4438807863031072,drawing,"[0, 0, 10, 21, 748, 1357]","{""keywords""=>[""plant"", ""parts"", ""flower""]}"
ASC0002yld,7,785137,0.4438807863031072,contributor,"[78, 1351, 0, 0, 0, 0]","{""name""=>[""W Pitch"", ""W.Fitch"", ""W. Fitch""], ""role""=>[""illustrator"", ""lithographer""]}"
ASC0002yld,7,785137,0.4438807863031072,contributor,"[673, 1346, 0, 0, 0, 0]","{""name""=>[""Vincent Brooks"", ""Vincent Brooke""], ""role""=>[""printer""]}"
ASC0002ylw,7,785160,0.43873393920401127,Page keywords,[],"[""Asplenium"", ""Schaffneria"", ""nigripes"", ""fitch"", ""vincent"", ""brooks"", ""Asplenium nigripes"", ""Schaffneria nigripes"", ""flowers"", ""Asplenium (Schafferia) nigripes"", ""asplenium\r\nschaffneria\r\nplant\r\n""]"
ASC0002ylw,7,785160,0.43873393920401127,drawing,"[0, 0, 20, 57, 752, 1313]","{""keywords""=>[""Asplenium"", ""Schaffneria"", ""nigripes"", ""fitch"", ""vincent"", ""brooks"", ""flowers"", ""Asplenium (Schafferia) nigripes"", ""asplenium\r\nschaffneria\r\nplant\r\n""]}"
ASC0002ylw,7,785160,0.43873393920401127,contributor,"[697, 1350, 0, 0, 0, 0]","{""name""=>[""Vincent Brooks""], ""role""=>[""printer""]}"
ASC0002ylw,7,785160,0.43873393920401127,contributor,"[133, 1361, 0, 0, 0, 0]","{""name""=>[""W. Fitch"", ""W.Fitch""], ""role""=>[""illustrator"", ""artist"", ""lithographer""]}"
ASC0002ykz,7,785165,0.44871794871794873,Page keywords,[],"[""plant fern"", ""fern"", ""plant"", ""seeds"", ""leaves"", ""Davallia nodosa""]"
ASC0002ykz,7,785165,0.44871794871794873,species,"[495, 1377, 0, 0, 0, 0]","{""common""=>[""""], ""scientific""=>[""Davallia nodosa""]}"
ASC0002ykz,7,785165,0.44871794871794873,contributor,"[104, 1348, 0, 0, 0, 0]","{""name""=>[""W.Fitch"", ""W Pitch ""], ""role""=>[""illustrator"", ""lithographer""]}"
ASC0002ykz,7,785165,0.44871794871794873,contributor,"[675, 1357, 0, 0, 0, 0]","{""name""=>[""Vincent Brooks"", ""vincent brooks imp."", ""blank""], ""role""=>[""printer"", ""other"", ""blank"", ""illustrator""]}"
ASC0002yns,7,785246,0.4375,Page keywords,[],"[""what is this?"", ""Josephinia Eugenia"", ""flower"", ""stem"", ""stalk"", ""bloom"", ""spike"", ""bud"", ""leaf"", ""leaves"", ""flower pistil stamen plant stem leaves anther pollen"", ""petals""]"
ASC0002yns,7,785246,0.4375,drawing,"[0, 0, 7, 33, 774, 1338]","{""keywords""=>[""Josephinia Eugenia"", ""flower"", ""stem"", ""stalk"", ""bloom"", ""spike"", ""bud"", ""leaf"", ""leaves"", ""flower pistil stamen plant stem leaves anther pollen"", ""petals""]}"
ASC0002yns,7,785246,0.4375,species,"[340, 1377, 0, 0, 0, 0]","{""common""=>[""Josephina Eugenia"", """"], ""scientific""=>[""F Mueller"", ""Josephinia Eugenia""]}"
ASC0002yns,7,785246,0.4375,contributor,"[135, 1343, 0, 0, 0, 0]","{""name""=>[""Ludwig Becker"", ""W. Fitch""], ""role""=>[""illustrator"", ""lithographer""]}"
ASC0002yns,7,785246,0.4375,contributor,"[649, 1354, 0, 0, 0, 0]","{""name""=>[""Vincent Brooks"", ""F Mueller""], ""role""=>[""printer"", ""illustrator""]}"
ASC0002yng,6,785267,0.4375,Page keywords,[],"[""plant"", ""shrub"", ""botany"", ""flower"", ""flowers"", ""flowr""]"
ASC0002yng,6,785267,0.4375,drawing,"[0, 0, 9, 19, 761, 1369]","{""keywords""=>[""plant"", ""shrub"", ""botany"", ""flowers""]}"
ASC0002yng,6,785267,0.4375,contributor,"[644, 1314, 0, 0, 0, 0]","{""name""=>[""Vincent Brookes"", ""Vincent Brooks""], ""role""=>[""printer""]}"
ASC0002yng,6,785267,0.4375,contributor,"[90, 1321, 0, 0, 0, 0]","{""name""=>[""Fitch"", ""W. Fitch"", ""W.Fitch""], ""role""=>[""illustrator"", ""lithographer""]}"
ASC00038uh,8,786693,0.5128205128205128,Page keywords,[],"[""camphor-tree"", ""rasamala"", ""trunk"", ""tree"", ""camphor"", ""measurements"", ""trees"", ""rosamala""]"
ASC00038uh,8,786693,0.5128205128205128,chart,"[0, 0, 62, 669, 773, 223]","{""keywords""=>[""camphor-tree"", ""rasamala"", ""trunk"", ""tree"", ""camphor"", ""measurements"", ""trees"", ""rosamala""]}"
ASC00038ul,7,786705,0.3412137460394833,Page keywords,[],"[""rice paper plant"", ""stem"", ""leave"", ""flora"", ""cells"", ""plant"", ""rice-paper plant"", ""leaves"", ""botanical""]"
ASC00038ul,7,786705,0.3412137460394833,species,"[472, 1362, 0, 0, 0, 0]","{""common""=>[""Rice-paper Plant"", ""Rice-Paper Plant""], ""scientific""=>[""Aralia papyrifera"", ""Aralia ? papyrifera""]}"
ASC00038ul,7,786705,0.3412137460394833,inscription,"[490, 1293, 0, 0, 0, 0]","{""text""=>[""1."", ""2."", ""Aralia? papyferia Rice-Paper Plant.""]}"
ASC00038ul,7,786705,0.3412137460394833,contributor,"[49, 1337, 0, 0, 0, 0]","{""name""=>[""Pitch"", ""Fitch""], ""role""=>[""lithographer""]}"
ASC00038ul,7,786705,0.3412137460394833,contributor,"[976, 1342, 0, 0, 0, 0]","{""name""=>[""Reeve & Nichols"", ""Reeve"", ""Nichols""], ""role""=>[""printer""]}"
ASC00038u9,6,786710,0.4507405022537025,Page keywords,[],"[""leaf"", ""plant"", ""botany"", ""fern"", ""leave"", ""branch""]"
ASC00038u9,6,786710,0.4507405022537025,drawing,"[0, 0, 13, 34, 809, 1365]","{""keywords""=>[""leaf"", ""plant"", ""fern""]}"
ASC00038u9,6,786710,0.4507405022537025,contributor,"[744, 1363, 0, 0, 0, 0]","{""name""=>[""Reeve & Michels"", ""Reeve & Nichols""], ""role""=>[""printer"", ""other""]}"
ASC00038u9,6,786710,0.4507405022537025,contributor,"[93, 1357, 0, 0, 0, 0]","{""name""=>[""Fitch, del et Hith"", ""Fitch""], ""role""=>[""illustrator"", ""lithographer""]}"
ASC00038wr,6,786771,0.4471414883423826,Page keywords,[],"[""fruit"", ""C. Moore"", ""H.M.S. Havana"", ""Vanicola Island"", ""Peyrouse's Island"", ""kauri or dammar"", ""Evergreen tree"", ""Pinophyta"", ""Pinopsida"", ""Plant"", ""botany"", ""biology"", ""Araucariaceae"", ""Dammara Perousii"", ""Moore"", ""Agathis"", ""branch with cone and leaves""]"
ASC00038wr,6,786771,0.4471414883423826,drawing,"[0, 0, 11, 11, 772, 1383]","{""keywords""=>[""fruit"", ""kauri or dammar"", ""Evergreen tree"", ""Pinophyta"", ""Pinopsida"", ""Plant"", ""botany"", ""biology"", ""Araucariaceae"", ""Dammara Perousii"", ""Moore"", ""Agathis"", ""branch with cone and leaves""]}"
ASC00038wr,6,786771,0.4471414883423826,contributor,"[67, 1353, 0, 0, 0, 0]","{""name""=>[""Fitch"", ""Fitch del et lith.""], ""role""=>[""illustrator"", ""lithographer""]}"
ASC00038vy,6,786786,0.4491498235482836,Page keywords,[],"[""Plate of plant"", ""cardomon"", ""Kew"", ""Kew museum"", ""Sp. nov."", ""new species"", ""flower""]"
ASC00038vy,6,786786,0.4491498235482836,drawing,"[0, 0, 23, 25, 774, 1373]","{""keywords""=>[""cardomon""]}"
ASC00038vy,6,786786,0.4491498235482836,contributor,"[91, 1358, 0, 0, 0, 0]","{""name""=>[""Fitch""], ""role""=>[""illustrator"", ""lithographer"", ""artist""]}"
ASC00038wl,7,786797,0.4485741749439282,Page keywords,[],"[""fungi"", ""fungus""]"
ASC00038wl,7,786797,0.4485741749439282,drawing,"[0, 0, 8, 38, 757, 1347]","{""keywords""=>[""fungus"", ""fungi""]}"
ASC00038wl,7,786797,0.4485741749439282,species,"[90, 1346, 0, 0, 0, 0]","{""common""=>[""""], ""scientific""=>[""Strobilomyces nigricans"", ""Strobilomyces migricans, Berk""]}"
ASC00038wl,7,786797,0.4485741749439282,species,"[433, 1356, 0, 0, 0, 0]","{""common""=>[""""], ""scientific""=>[""Marasmius Hookeri"", ""Marasmius Hookeri. Berk""]}"
ASC00038y5,6,786860,0.45234248788368336,Page keywords,[],"[""plant"", ""orchid"", ""morphology"", ""flower""]"
ASC00038y5,6,786860,0.45234248788368336,contributor,"[718, 1340, 0, 0, 0, 0]","{""name""=>[""P. Reeve"", ""F.Reeve""], ""role""=>[""illustrator"", ""other"", ""printer""]}"
ASC00038y5,6,786860,0.45234248788368336,contributor,"[72, 1363, 0, 0, 0, 0]","{""name""=>[""Fitch""], ""role""=>[""lithographer"", ""illustrator""]}"
ASC00038yw,6,786861,0.45234248788368336,Page keywords,[],"[""mineral"", ""crystal"", ""tree"", ""resin"", ""camphor"", ""prism"", ""Dryobalanons""]"
ASC00038yw,6,786861,0.45234248788368336,drawing,"[0, 0, 19, 28, 766, 1326]","{""keywords""=>[""mineral"", ""crystal"", ""tree""]}"
ASC00038yw,6,786861,0.45234248788368336,contributor,"[114, 1333, 0, 0, 0, 0]","{""name""=>[""Fitch""], ""role""=>[""lithographer"", ""illustrator""]}"
ASC000392r,8,787016,0.4680708793045804,Page keywords,[],"[""flower"", ""leaf"", ""stamen"", ""botany""]"
ASC000392r,8,787016,0.4680708793045804,drawing,"[0, 0, 3, 9, 853, 1382]","{""keywords""=>[""flower"", ""leaf"", ""stamen""]}"
ASC000392r,8,787016,0.4680708793045804,contributor,"[112, 1335, 0, 0, 0, 0]","{""name""=>[""Fitch""], ""role""=>[""illustrator"", ""lithographer""]}"
ASC000392w,6,787017,0.44828690361831575,Page keywords,[],"[""plant"", ""flower"", ""leaf"", ""pod"", ""bean"", ""stamen"", ""sepal"", ""anther"", ""legume"", ""root"", ""ovary"", ""flower parts"", ""bud"", ""petal"", ""seed"", ""pistil"", ""anatomy""]"
ASC000392w,6,787017,0.44828690361831575,drawing,"[0, 0, 4, 22, 789, 1373]","{""keywords""=>[""plant"", ""flower"", ""leaf"", ""pod"", ""bean"", ""stamen"", ""sepal"", ""anther"", ""legume"", ""root"", ""ovary""]}"
ASC000392w,6,787017,0.44828690361831575,inscription,"[258, 1345, 0, 0, 0, 0]","{""text""=>[""Fitch. del. et. lith."", ""6"", ""7"", ""2"", ""8"", ""1"", ""4"", ""3""]}"
ASC000392w,6,787017,0.44828690361831575,contributor,"[94, 1378, 0, 0, 0, 0]","{""name""=>[""Fitch""], ""role""=>[""illustrator"", ""lithographer"", ""artist""]}"
ASC000392w,6,787017,0.44828690361831575,contributor,"[680, 1362, 0, 0, 0, 0]","{""name""=>[""F. Reeve"", ""F. Reevcrimp?"", ""F.Reeve""], ""role""=>[""printer"", ""illustrator""]}"
ASC000392k,8,787019,0.44814340588988477,Page keywords,[],"[""plant"", ""flower"", ""botany"", ""stamen"", ""anatomy"", ""taproot"", ""root"", ""flora""]"
ASC000392k,8,787019,0.44814340588988477,drawing,"[0, 0, 3, 34, 784, 1347]","{""keywords""=>[""plant"", ""flower"", ""flora"", ""botany""]}"
ASC000392k,8,787019,0.44814340588988477,contributor,"[78, 1372, 0, 0, 0, 0]","{""name""=>[""Fitch."", ""Fitch"", ""fitch""], ""role""=>[""illustrator"", ""lithographer"", ""artist""]}"
ASC000392k,8,787019,0.44814340588988477,contributor,"[705, 1357, 0, 0, 0, 0]","{""name""=>[""F. Reeve"", ""F Rieve""], ""role""=>[""printer""]}"
