Zooniverse ID,Classification count,Page ID,Volume,Page,Year,Image scale,Type,Coords,Value
ASC0002wyp,5,32563802,,,,0.41816009557945044,Page keywords,[],"[""garden"", ""Hyde Park"", ""landscape"", ""London"", ""Dell"", ""park""]"
ASC0002x1m,5,32563812,,Page 37,,0.41816009557945044,Page keywords,[],"[""flower"", ""lilac""]"
ASC0002x5u,5,32563818,,Page 43,,0.41816009557945044,Page keywords,[],"[""pinus sabiniana"", ""section of leaf"", ""w.g. sm"", ""gardchron"", ""pine tree"", ""cone"", ""leaf"", ""#Pine\r\n#Conifer"", ""tree"", ""nut pine"", ""California foothill pine"", ""digger pine"", ""ghost pine"", ""gray pine"", ""grey pine"", ""microscopic view of leaf"", ""bark""]"
ASC0002x5u,5,32563818,,Page 43,,0.41816009557945044,drawing,"[0, 0, 35, 73, 951, 1268]","{""keywords""=>[""pinus sabiniana"", ""section of leaf"", ""w.g. sm"", ""gardchron"", ""#Pine\r\n#Conifer"", ""tree"", ""nut pine"", ""California foothill pine"", ""digger pine"", ""ghost pine"", ""gray pine"", ""grey pine"", ""microscopic view of leaf"", ""cone"", ""bark""]}"
ASC0002wwo,5,32563820,,Page 45,,0.41816009557945044,Page keywords,[],"[""pear-midge"", ""entomology"", ""midge"", ""pear"", ""insects"", ""tree"", ""pear midge"", ""Midge"", ""insect"", ""#Midge\r\n#Insect""]"
ASC0002wwo,5,32563820,,Page 45,,0.41816009557945044,drawing,"[0, 0, 356, 374, 302, 612]","{""keywords""=>[""pear-midge"", ""entomology"", ""midge"", ""pear"", ""insects"", ""tree"", ""pear midge"", ""Midge"", ""insect"", ""#Midge\r\n#Insect""]}"
ASC0002wwl,7,32563826,,Page 51,,0.41816009557945044,Page keywords,[],"[""meteorological"", ""weather"", ""temperature"", ""Chiswick"", ""44 year average"", ""districts"", ""july"", ""1888"", ""rainfall"", ""Districts"", ""accumulate"", ""average"", ""weather (table)""]"
ASC0002wwl,7,32563826,,Page 51,,0.41816009557945044,chart,"[0, 0, 341, 139, 318, 888]","{""keywords""=>[""meteorological"", ""Districts"", ""temperature"", ""accumulate"", ""weather""]}"
ASC0002wwl,7,32563826,,Page 51,,0.41816009557945044,inscription,"[547, 643, 0, 0, 0, 0]","{""text""=>[""Rainfall."", ""Districts."", ""Bright Sunshine.""]}"
ASC0002x0w,7,32563835,,Page 20,,0.41816009557945044,Page keywords,[],"[""weather"", ""scotland"", ""england"", ""rain"", ""temperature"", ""meteorological observations"", ""1888"", ""grazing"", ""wheat producing"", ""UK""]"
ASC0002x0w,7,32563835,,Page 20,,0.41816009557945044,chart,"[0, 0, 352, 185, 333, 1173]","{""keywords""=>[""weather"", ""scotland"", ""temperature"", ""england"", ""grazing"", ""wheat producing"", ""UK""]}"
ASC0002x0w,7,32563835,,Page 20,,0.41816009557945044,chart,"[0, 0, 682, 108, 333, 883]","{""keywords""=>[""weather"", ""scotland"", ""temperature"", ""england"", ""grazing"", ""wheat producing"", ""UK""]}"
ASC0002x2n,5,32563838,,Page 17,,0.41816009557945044,Page keywords,[],"[""peronospora"", ""mildew"", ""plant"", ""gardens"", ""molds"", ""fungi"", ""water mold"", ""Peronospora ficariae"", ""hellebores"", ""Helleborus sp."", ""fungus"", ""spore"", ""parasitic"", ""hellebore"", ""botany"", ""tree"", ""fruit"", ""roots"", ""flower"", ""water"", ""mould""]"
ASC0002x2n,5,32563838,,Page 17,,0.41816009557945044,drawing,"[0, 0, 48, 246, 625, 905]","{""keywords""=>[""peronospora"", ""mildew"", ""plant"", ""gardens"", ""molds"", ""fungi"", ""water mold"", ""Peronospora ficariae"", ""hellebores"", ""Helleborus sp."", ""fungus"", ""spore"", ""parasitic"", ""hellebore"", ""botany"", ""tree"", ""fruit"", ""roots""]}"
ASC0002x2n,5,32563838,,Page 17,,0.41816009557945044,species,"[403, 696, 0, 0, 0, 0]","{""common""=>[""Hellebores"", ""water mold"", ""christmas rose hellebore""], ""scientific""=>[""Helleborus"", "" Peronospora ficariae"", ""Helleborus sp.""]}"
ASC0002x2n,5,32563838,,Page 17,,0.41816009557945044,inscription,"[249, 1105, 0, 0, 0, 0]","{""text""=>[""Peronospora on Hellebores"", ""Fig. 2. -- PERONOSPORA ON HELLEBORES. (see p. 16.)"", ""X. 400""]}"
ASC0002x2n,5,32563838,,Page 17,,0.41816009557945044,contributor,"[333, 1105, 0, 0, 0, 0]","{""name""=>[""Wiz SM"", ""W. G"", ""SM""], ""role""=>[""illustrator""]}"
ASC0002x05,6,32563846,,Page 9,,0.41816009557945044,Page keywords,[],"[""orchid"", ""polyanthous"", ""plante"", ""flowers"", ""orchids"", ""flora""]"
ASC0002x05,6,32563846,,Page 9,,0.41816009557945044,drawing,"[0, 0, 37, 213, 627, 932]","{""keywords""=>[""orchid"", ""polyanthous"", ""plante"", ""flowers"", ""orchids"", ""flora""]}"
ASC0002x05,6,32563846,,Page 9,,0.41816009557945044,species,"[352, 1134, 0, 0, 0, 0]","{""common""=>[""""], ""scientific""=>[""Dendrobium wardianum"", ""Dendrodium Wardganum""]}"
ASC0002x18,5,32563878,,Page 65,,0.41816009557945044,Page keywords,[],"[""Botany"", ""plant"", ""flower"", ""colour"", ""lilac-grey"", ""ostrowskya magnifica"", ""bell-flower"", ""lilac"", ""grey"", ""veins"", ""giant hardy bell flower""]"
ASC0002x0z,5,32563886,,Page 73,,0.41816009557945044,Page keywords,[],"[""plant"", ""cutting""]"
ASC0002x0z,5,32563886,,Page 73,,0.41816009557945044,drawing,"[0, 0, 341, 390, 328, 553]","{""keywords""=>[""plant"", ""cutting""]}"
ASC0002x0z,5,32563886,,Page 73,,0.41816009557945044,inscription,"[520, 926, 0, 0, 0, 0]","{""text""=>[""fig.7.--LEAF CUTTING OF SANSEVIERA GUINEENSIS."", ""1, Portion of leaf inserted as a cutting, showing two young plants growing out from base, natural size; 2,3,4, views of same cutting, showing the manner of development of the young plants"", ""1, Portion of leaf inserted as a cutting, showing two young plants growing out from base, natural size; 2,3,4, Views of same cutting, showing the matter of development of the young plants.""]}"
ASC0002x2x,5,32563898,,,,0.41816009557945044,Page keywords,[],"[""St. James Park"", ""London"", ""river"", ""trees"", ""swans"", ""Ink photo"", ""St James' Park""]"
ASC0002x30,6,32563906,,Page 91,,0.41816009557945044,Page keywords,[],"[""potato"", ""tuber"", ""iodine"", ""starch"", ""chemistry"", ""microscope"", ""potato starch"", ""potato tuber""]"
ASC0002x30,6,32563906,,Page 91,,0.41816009557945044,drawing,"[0, 0, 25, 423, 640, 537]","{""keywords""=>[""potato"", ""tuber"", ""iodine"", ""starch"", ""chemistry""]}"
ASC0002x2y,5,32563908,,Page 93,,0.41816009557945044,Page keywords,[],"[""flower"", ""Orchid""]"
ASC0002x84,8,32563910,,Page 95,,0.41816009557945044,Page keywords,[],"[""crop"", ""fruit"", ""quality"", ""condition of fruit crops in England"", ""fruit condition survey"", ""Condition of fruit crops"", ""July"", ""1888"", ""Scotland"", ""diagram"", ""condition"", ""fruit crop"", ""the gardeners chronicle""]"
ASC0002x2u,7,32563913,,Page 98,,0.41816009557945044,Page keywords,[],"[""fruit"", ""crop"", ""stafford"", ""cheshire"", ""middlesex"", ""surrey"", ""kent"", ""sussex"", ""hants"", ""hampshire"", ""berks"", ""berkshire"", ""wilts"", ""wiltshire"", ""somerset"", ""dorset"", ""fruit crops"", ""condition"", ""western counties"", ""southern counties"", ""south-western counties"", ""apricots"", ""plums"", ""cherries"", ""peaches"", ""nectarines"", ""apples"", ""pears"", ""strawberries"", ""nuts"", ""Stafford"", ""Cheshire"", ""Middlesex"", ""Surrey"", ""Kent"", ""Sussex"", ""Hants"", ""Berks"", ""Wilts"", ""Somerset"", ""Dorset"", ""condition of the fruit crops"", ""crop yield"", ""England""]"
ASC0002x2u,7,32563913,,Page 98,,0.41816009557945044,species,"[446, 140, 0, 0, 0, 0]","{""common""=>[""Apricot"", ""Plum"", ""apricot"", ""plums"", ""Cherry"", ""cherries"", ""nectarines"", ""Peach"", ""Nectarine"", ""peaches"", ""Apple"", ""apples"", ""Pear"", ""pears"", ""Strawberry"", ""strawberries""], ""scientific""=>[""""]}"
ASC0002x1c,5,32563916,,Page 101,,0.41816009557945044,Page keywords,[],"[""flowers"", ""drawing"", ""peony"", ""carnation"", ""flower"", ""Flower"", ""picotees""]"
ASC0002x1c,5,32563916,,Page 101,,0.41816009557945044,drawing,"[0, 0, 44, 97, 942, 1258]","{""keywords""=>[""flowers"", ""drawing"", ""peony"", ""carnation"", ""flower"", ""picotees""]}"
ASC0002www,5,32563920,,Page 105,,0.41816009557945044,Page keywords,[],"[""fungi"", ""fungus""]"
ASC0002www,5,32563920,,Page 105,,0.41816009557945044,drawing,"[0, 0, 359, 428, 296, 523]","{""keywords""=>[""fungus""]}"
ASC0002www,5,32563920,,Page 105,,0.41816009557945044,species,"[473, 828, 0, 0, 0, 0]","{""common""=>[""Fungus"", """"], ""scientific""=>[""Puccinia Liliacearum"", ""Puccinia Lillacearum""]}"
ASC0002www,5,32563920,,Page 105,,0.41816009557945044,contributor,"[600, 879, 0, 0, 0, 0]","{""name""=>[""W.E. S.M."", ""w.e.sm."", ""W. G. ""], ""role""=>[""illustrator""]}"
ASC0002x01,5,32563924,,Page 109,,0.41816009557945044,Page keywords,[],"[""plant"", ""flower"", ""Orchid"", ""Laelia"", ""Eyermaniana"", ""The Gardeners´ Chronicle"", ""Flower""]"
ASC0002x01,5,32563924,,Page 109,,0.41816009557945044,drawing,"[0, 0, 334, 471, 334, 448]","{""keywords""=>[""plant"", ""flower"", ""Orchid"", ""Laelia"", ""Eyermaniana"", ""The Gardeners´ Chronicle"", ""Flower""]}"
ASC0002x01,5,32563924,,Page 109,,0.41816009557945044,species,"[504, 631, 0, 0, 0, 0]","{""common""=>["""", ""FLOWERS ROSY-PURPLE""], ""scientific""=>[""Laelia Eyermaniana"", ""Laelia eyermaniana"", ""LAELIA EYERMANIANA""]}"
ASC0002x1n,7,32563925,,Page 110,,0.41816009557945044,Page keywords,[],"[""meteorological"", ""weather"", ""temperature"", ""districts"", ""rainfall"", ""bright sunshine"", ""temperatures"", ""day-degree""]"
ASC0002x1n,7,32563925,,Page 110,,0.41816009557945044,chart,"[0, 0, 376, 242, 329, 947]","{""keywords""=>[""meteorological"", ""weather"", ""temperatures"", ""day-degree""]}"
ASC0002x24,5,32563940,,Page 125,,0.41816009557945044,Page keywords,[],"[""plant"", ""heuchera sanguinea"", ""perennial"", ""flower"", ""crimson"", ""Ivy-leaved duckwee"", ""Lemna triscula""]"
ASC0002x24,5,32563940,,Page 125,,0.41816009557945044,drawing,"[0, 0, 33, 179, 621, 959]","{""keywords""=>[""plant"", ""heuchera sanguinea"", ""perennial"", ""flower"", ""crimson""]}"
ASC0002x13,5,32563946,,Page 131,,0.41816009557945044,Page keywords,[],"[""flowers"", ""white"", ""leaves"", ""stem"", ""flower"", ""stamen"", ""shrub"", ""leaf""]"
ASC0002x13,5,32563946,,Page 131,,0.41816009557945044,drawing,"[0, 0, 20, 73, 987, 1287]","{""keywords""=>[""flowers"", ""white"", ""leaves"", ""stem"", ""flower"", ""stamen"", ""leaf""]}"
ASC0002x13,5,32563946,,Page 131,,0.41816009557945044,inscription,"[614, 1293, 0, 0, 0, 0]","{""text""=>[""CARDCHPON"", ""WgSm"", ""gardchron""]}"
ASC0002x2b,5,32563950,,Page 135,,0.41816009557945044,Page keywords,[],"[""crate"", ""transport"", ""strawberries"", ""cherries"", ""shipping"", ""transit"", ""packaging"", ""crates"", ""boxes"", ""horticulture"", ""#invention"", ""wood"", ""diagram: crate for transport of strawberries""]"
ASC0002x2b,5,32563950,,Page 135,,0.41816009557945044,drawing,"[0, 0, 345, 464, 328, 566]","{""keywords""=>[""crate"", ""transport"", ""strawberries"", ""cherries"", ""shipping"", ""transit"", ""packaging"", ""crates"", ""boxes"", ""horticulture"", ""#invention"", ""wood""]}"
ASC0002wyq,7,32563952,,Page 137,,0.41816009557945044,Page keywords,[],"[""meteorological"", ""temperature"", ""districts"", ""Scotland"", ""England"", ""Ireland"", ""meteorology"", ""rainfall"", ""sunshine"", ""weather"", ""meteorological observations"", ""1888"", ""country""]"
ASC0002wyq,7,32563952,,Page 137,,0.41816009557945044,chart,"[0, 0, 665, 410, 350, 943]","{""keywords""=>[""meteorological"", ""temperature"", ""districts"", ""weather"", ""country"", ""rainfall"", ""sunshine"", ""meteorological observations"", ""1888""]}"
ASC0002wx1,6,32563953,,Page 138,,0.41816009557945044,Page keywords,[],"[""insect"", ""#insect\r\n#Spruce"", ""insect\r\naphid\r\ngalls\r\nstem\r\nplant\r\n"", ""plant"", ""bug"", ""animal""]"
ASC0002wx1,6,32563953,,Page 138,,0.41816009557945044,drawing,"[0, 0, 371, 551, 330, 368]","{""keywords""=>[""insect"", ""#insect\r\n#Spruce"", ""plant"", ""bug"", ""animal""]}"
ASC0002x2r,5,32563968,,Page 153,,0.41816009557945044,Page keywords,[],"[""flowers"", ""pollen"", ""#flower\r\n#Funkia"", ""botany"", ""flower"", ""hosta"", ""plant"", ""plantain lily"", ""funkia grandiflora"", ""biology"", ""white flowers"", ""pollen grain"", ""magnified""]"
ASC0002x2r,5,32563968,,Page 153,,0.41816009557945044,drawing,"[0, 0, 28, 70, 963, 1106]","{""keywords""=>[""flowers"", ""pollen"", ""#flower\r\n#Funkia"", ""botany"", ""flower"", ""hosta"", ""plant"", ""plantain lily"", ""funkia grandiflora"", ""biology"", ""white flowers"", ""pollen grain"", ""magnified""]}"
ASC0002x2r,5,32563968,,Page 153,,0.41816009557945044,contributor,"[527, 1093, 0, 0, 0, 0]","{""name""=>[""W.G.S."", ""WGS"", ""Worthington G Smith""], ""role""=>[""illustrator""]}"
ASC0002x56,7,32563976,,Page 161,,0.41816009557945044,Page keywords,[],"[""socket ring"", ""hot-water pipe"", ""invention:"", ""socket-ring"", ""india rubber"", ""hot water pipes"", ""useful inventions"", ""pipe"", ""hot-water"", ""Stanley- Morrison & Co"", ""London"", ""indiarubber"", ""plumbing"", ""tool""]"
ASC0002x56,7,32563976,,Page 161,,0.41816009557945044,drawing,"[0, 0, 342, 490, 334, 383]","{""keywords""=>[""socket ring"", ""hot-water pipe"", ""invention:"", ""socket-ring"", ""india rubber"", ""hot water pipes"", ""useful inventions"", ""pipe"", ""hot-water"", ""Stanley- Morrison & Co"", ""London"", ""indiarubber"", ""plumbing""]}"
ASC0002x56,7,32563976,,Page 161,,0.41816009557945044,inscription,"[461, 853, 0, 0, 0, 0]","{""text""=>[""FIG. 18.- INDIARUBBER SOCKET-RING FOR JUNCTION OF HOT-WATER PIPES. "", ""Fig. 18.-Indiarubber socket-ring for junction of hot-water pipes."", ""Indiarubber socket-ring for junction of hot water pipes""]}"
ASC0002x19,6,32563978,,Page 163,,0.41816009557945044,Page keywords,[],"[""flower"", ""homeria collina"", ""flowers"", ""plant""]"
ASC0002x19,6,32563978,,Page 163,,0.41816009557945044,drawing,"[0, 0, 24, 152, 638, 1068]","{""keywords""=>[""flower"", ""homeria collina"", ""flowers"", ""plant""]}"
ASC0002x5o,5,32563988,,,,0.4161712247324614,Page keywords,[],"[""garden"", ""gardening"", ""flower""]"
ASC0002x5o,5,32563988,,,,0.4161712247324614,photograph,"[0, 0, 73, 77, 897, 609]","{""keywords""=>[""garden"", ""gardening"", ""flower""]}"
ASC0002x5o,5,32563988,,,,0.4161712247324614,photograph,"[0, 0, 81, 697, 897, 620]","{""keywords""=>[""garden"", ""gardening"", ""flower""]}"
ASC0002x5o,5,32563988,,,,0.4161712247324614,contributor,"[987, 176, 0, 0, 0, 0]","{""name""=>[""blank"", "",s.""], ""role""=>[""blank"", ""illustrator""]}"
ASC0002x6g,5,32563998,,Page 181,,0.41816009557945044,Page keywords,[],"[""plant"", ""orchid"", ""gardening"", ""inflorescence"", ""flower yellow"", ""heavily barred"", ""spotted brown""]"
ASC0002x6g,5,32563998,,Page 181,,0.41816009557945044,drawing,"[0, 0, 31, 170, 966, 1044]","{""keywords""=>[""plant"", ""orchid"", ""gardening"", ""inflorescence"", ""flower yellow"", ""heavily barred"", ""spotted brown""]}"
ASC0002x6g,5,32563998,,Page 181,,0.41816009557945044,species,"[463, 790, 0, 0, 0, 0]","{""common""=>[""Stein"", ""????"", """"], ""scientific""=>[""Cyrtopodium saintlegerianum"", ""????""]}"
ASC0002x5a,5,32564001,,Page 184,,0.41816009557945044,Page keywords,[],"[""fungus"", ""lily"", ""flower"", ""disease"", ""oomycete"", ""fungi""]"
ASC0002x5a,5,32564001,,Page 184,,0.41816009557945044,drawing,"[0, 0, 369, 356, 327, 652]","{""keywords""=>[""fungus"", ""lily"", ""flower"", ""disease"", ""oomycete"", ""fungi""]}"
ASC0002x5a,5,32564001,,Page 184,,0.41816009557945044,inscription,"[526, 970, 0, 0, 0, 0]","{""text""=>[""X.400"", ""The Lily Fungus"", ""FIG.21.- PERNOSPORA ELLIPTICA: THE LILLY FUNGUS."", ""X 400""]}"
ASC0002x5a,5,32564001,,Page 184,,0.41816009557945044,contributor,"[659, 904, 0, 0, 0, 0]","{""name""=>[""GADCHRON"", ""GARDCHRON"", ""GARD CHRON""], ""role""=>[""illustrator"", ""printer""]}"
ASC0002x5a,5,32564001,,Page 184,,0.41816009557945044,contributor,"[443, 922, 0, 0, 0, 0]","{""name""=>[""W.e.SM"", ""W.G.SM"", ""W. G. SM"", ""W.G.Smith""], ""role""=>[""illustrator""]}"
ASC0002x6l,6,32564004,,Page 187,,0.41816009557945044,Page keywords,[],"[""flower"", ""stuartia pseudo-camellia"", ""Gardener's Chronicle"", ""botanical"", ""shrub"", ""camellia"", ""STUARTIA"", ""Gardchron""]"
ASC0002x6l,6,32564004,,Page 187,,0.41816009557945044,drawing,"[0, 0, 76, 202, 895, 980]","{""keywords""=>[""flower"", ""stuartia pseudo-camellia"", ""Gardener's Chronicle"", ""botanical"", ""shrub"", ""camellia"", ""STUARTIA"", ""Gardchron""]}"
ASC0002x6l,6,32564004,,Page 187,,0.41816009557945044,contributor,"[596, 1097, 0, 0, 0, 0]","{""name""=>[""W. G. SM."", ""W.G.SM"", ""Gardchron"", ""W.G. SM"", ""GAROCHRON""], ""role""=>[""artist"", ""illustrator"", ""lithographer""]}"
ASC0002x51,5,32564008,,Page 191,,0.41816009557945044,Page keywords,[],"[""plant"", ""fruit"", ""strawberry"", ""berry"", ""flower"", ""poppy"", ""anther"", ""stamen"", ""petals"", ""reproductive"", ""#strawberry\r\n#fruit""]"
ASC0002x51,5,32564008,,Page 191,,0.41816009557945044,drawing,"[0, 0, 334, 372, 330, 604]","{""keywords""=>[""plant"", ""fruit"", ""strawberry"", ""berry"", ""flower"", ""#strawberry\r\n#fruit""]}"
ASC0002xle,5,32564026,,Page 209,,0.41816009557945044,Page keywords,[],"[""flower"", ""shrub"", ""pollen"", ""herb"", ""plant"", ""mallow"", ""Plagianthus lyalli"", ""white flowers"", ""Flower"", ""Pollen""]"
ASC0002xle,5,32564026,,Page 209,,0.41816009557945044,drawing,"[0, 0, 39, 274, 954, 795]","{""keywords""=>[""flower"", ""shrub"", ""pollen"", ""herb"", ""plant"", ""mallow"", ""Plagianthus lyalli"", ""white flowers"", ""Flower"", ""Pollen""]}"
ASC0002xle,5,32564026,,Page 209,,0.41816009557945044,species,"[232, 1065, 0, 0, 0, 0]","{""common""=>["""", ""Hardy shrub""], ""scientific""=>[""Flagianthus lyalli"", ""Plagianthus lyalli"", ""Plagianthus Lyalli""]}"
ASC0002x45,5,32564029,,Page 212,,0.41816009557945044,Page keywords,[],"[""plants"", ""flowers"", ""flower"", ""plant"", ""Honduras"", ""Skinner""]"
ASC0002x45,5,32564029,,Page 212,,0.41816009557945044,drawing,"[0, 0, 396, 296, 589, 726]","{""keywords""=>[""flower"", ""plant"", ""Honduras"", ""Skinner"", ""flowers""]}"
ASC0002x45,5,32564029,,Page 212,,0.41816009557945044,species,"[560, 1036, 0, 0, 0, 0]","{""common""=>[""""], ""scientific""=>[""Schomburgkia tibicinis"", ""Schomburgkia Tibicinis"", ""scromburgia tebicinis""]}"
ASC0002x45,5,32564029,,Page 212,,0.41816009557945044,inscription,"[730, 1021, 0, 0, 0, 0]","{""text""=>[""Flowers Reddish Brown"", ""Flowers: Reddish-brown"", ""Schomburgkia tibicinis: Flowers reddish-brown""]}"
ASC0002x4z,6,32564034,,Page 217,,0.41816009557945044,Page keywords,[],"[""insect"", ""animal"", ""close-up"", ""Devil's coach horse beetle"", ""Staphylinus "", ""Ocypus olens"", ""staphylinus"", ""devil's coach horse"", ""larva"", ""insect anatomy"", ""detail""]"
ASC0002x4z,6,32564034,,Page 217,,0.41816009557945044,drawing,"[0, 0, 339, 438, 319, 554]","{""keywords""=>[""insect"", ""animal"", ""close-up"", ""Devil's coach horse beetle"", ""Staphylinus "", ""Ocypus olens"", ""staphylinus"", ""devil's coach horse"", ""larva"", ""insect anatomy"", ""detail""]}"
ASC0002x4z,6,32564034,,Page 217,,0.41816009557945044,contributor,"[581, 777, 0, 0, 0, 0]","{""name""=>[""gardchron"", ""A. E. Sm."", ""Garderron"", ""A E SA""], ""role""=>[""other"", ""illustrator"", ""lithographer""]}"
ASC0002x5y,7,32564038,,Page 221,,0.41816009557945044,Page keywords,[],"[""meteorological"", ""weather"", ""rain"", ""temperature"", ""forcast"", ""rainfall"", ""sunshine"", ""Scotland"", ""England"", ""Ireland"", ""average"", ""Chiswick"", ""market"", ""Temperature chart"", ""Channel islands"", ""Chiswick.""]"
ASC0002x5y,7,32564038,,Page 221,,0.41816009557945044,chart,"[0, 0, 342, 525, 325, 121]","{""keywords""=>[""weather"", ""temperature"", ""average"", ""Chiswick""]}"
ASC0002x7f,6,32564046,,,,0.41816009557945044,Page keywords,[],"[""trees"", ""banyan"", ""tree"", ""garden"", ""photograph"", ""Ink photo"", ""Banyan tree"", ""T. Weir"", ""Madura"", ""garden of T. Wrir Esq. Madura"", ""#Banyan\r\n#Tree""]"
ASC0002x5f,5,32564056,,Page 237,,0.41816009557945044,Page keywords,[],"[""plant"", ""flowers"", ""flowering"", ""flower""]"
ASC0002x5f,5,32564056,,Page 237,,0.41816009557945044,drawing,"[0, 0, 24, 333, 628, 715]","{""keywords""=>[""plant"", ""flowers"", ""flowering""]}"
ASC0002x5h,5,32564059,,Page 240,,0.41816009557945044,Page keywords,[],"[""Flower"", ""flower"", ""lisianthus russellianus"", ""horticulture"", ""greenhouse perennial"", ""#flower"", ""#horticulture""]"
ASC0002x5h,5,32564059,,Page 240,,0.41816009557945044,drawing,"[0, 0, 63, 75, 917, 1000]","{""keywords""=>[""Flower"", ""flower"", ""lisianthus russellianus"", ""horticulture"", ""#flower"", ""#horticulture""]}"
ASC0002x64,5,32564064,,Page 245,,0.41816009557945044,Page keywords,[],"[""gardening"", ""tools"", ""pot"", ""pot blade"", ""handle"", ""watering pot"", ""weed eradicator"", ""gardening tool"", ""invention""]"
ASC0002x64,5,32564064,,Page 245,,0.41816009557945044,drawing,"[0, 0, 349, 531, 315, 325]","{""keywords""=>[""gardening"", ""tools"", ""watering pot"", ""weed eradicator"", ""gardening tool"", ""invention""]}"
ASC0002x76,5,32564066,,Page 247,,0.41816009557945044,Page keywords,[],"[""tulip"", ""roots"", ""\""droppers\"""", ""bulb"", ""tube"", ""sheath"", ""plant"", ""gardening"", ""planting"", ""flower"", ""droppers"", ""+"", ""stem""]"
ASC0002x76,5,32564066,,Page 247,,0.41816009557945044,drawing,"[0, 0, 348, 365, 321, 663]","{""keywords""=>[""tulip"", ""roots"", ""\""droppers\"""", ""bulb"", ""tube"", ""sheath"", ""plant"", ""gardening"", ""planting"", ""flower"", ""droppers"", ""+"", ""stem""]}"
ASC0002x76,5,32564066,,Page 247,,0.41816009557945044,species,"[514, 707, 0, 0, 0, 0]","{""common""=>[""Tulip"", ""tulip""], ""scientific""=>[""""]}"
ASC0002x76,5,32564066,,Page 247,,0.41816009557945044,contributor,"[508, 945, 0, 0, 0, 0]","{""name""=>[""T M M"", ""Chardchron"", ""gardchron"", ""TMM""], ""role""=>[""illustrator"", ""lithographer"", ""artist""]}"
ASC0002x6a,6,32564076,,,,0.41816009557945044,Page keywords,[],"[""garden photo"", ""landscape"", ""gardens"", ""folkstone"", ""garden build by moghuls""]"
ASC0002x6k,6,32564086,,Page 265,,0.41816009557945044,Page keywords,[],"[""Flower"", ""Red"", ""Hardy Perennial"", ""flower"", ""perennial"", ""hardy perennial"", ""flowers"", ""botany"", ""gardening"", ""plant""]"
ASC0002x6k,6,32564086,,Page 265,,0.41816009557945044,drawing,"[0, 0, 32, 339, 652, 682]","{""keywords""=>[""Flower"", ""Red"", ""Hardy Perennial"", ""flower"", ""perennial"", ""hardy perennial"", ""flowers"", ""botany"", ""gardening"", ""plant""]}"
ASC0002x6k,6,32564086,,Page 265,,0.41816009557945044,species,"[289, 664, 0, 0, 0, 0]","{""common""=>["""", ""Hardy perennial""], ""scientific""=>[""pentstemon rotundifolius"", ""Pentstemon Rotundifolis"", ""Pentstemon rotundifolius""]}"
ASC0002x6k,6,32564086,,Page 265,,0.41816009557945044,contributor,"[307, 954, 0, 0, 0, 0]","{""name""=>[""J.Weather"", ""J. Weathers"", ""J.Weathers"", ""J Weathers""], ""role""=>[""illustrator""]}"
ASC0002x75,5,32564089,,Page 268,,0.41816009557945044,Page keywords,[],"[""plant"", ""pine"", ""cone"", ""needle"", ""crossection"", ""plant pinecone\r\n"", ""shoot"", ""foliage"", ""plan of section of leaf"", ""pine\r\ncone\r\nneedles""]"
ASC0002x75,5,32564089,,Page 268,,0.41816009557945044,drawing,"[0, 0, 375, 87, 632, 1119]","{""keywords""=>[""plant"", ""pine"", ""cone"", ""needle"", ""crossection"", ""plant pinecone\r\n"", ""shoot"", ""foliage"", ""plan of section of leaf""]}"
ASC0002x8f,5,32564092,,Page 271,,0.41816009557945044,Page keywords,[],"[""flower"", ""vine"", ""Brazil"", ""Scubertia graveolens"", ""Physianthus graveolens"", ""Physianthus auricomus"", ""white"", ""flowers"", ""fragrant"", ""plant"", ""drawing""]"
ASC0002x8f,5,32564092,,Page 271,,0.41816009557945044,drawing,"[0, 0, 24, 73, 653, 1228]","{""keywords""=>[""flower"", ""vine"", ""Brazil"", ""Scubertia graveolens"", ""Physianthus graveolens"", ""Physianthus auricomus"", ""white"", ""flowers"", ""fragrant"", ""plant"", ""drawing""]}"
ASC0002x7m,5,32564113,,Page 292,,0.41816009557945044,Page keywords,[],"[""packing problems"", ""more packing problems"", ""evenmore packing problems"", ""box"", ""diagram\r\n"", ""packaging"", ""racks"", ""packing box""]"
ASC0002x7c,5,32564114,,Page 293,,0.41816009557945044,Page keywords,[],"[""HORTICULTURE"", ""packing fruit"", ""commerce"", ""fruit"", ""basket"", ""grapes"", ""design""]"
ASC0002x7c,5,32564114,,Page 293,,0.41816009557945044,drawing,"[0, 0, 350, 546, 322, 321]","{""keywords""=>[""HORTICULTURE"", ""packing fruit"", ""commerce"", ""fruit"", ""basket"", ""grapes"", ""design""]}"
ASC0002x6c,5,32564118,,Page 297,,0.41816009557945044,Page keywords,[],"[""flowers"", ""white flowers"", ""hardy shrub"", ""Rhododendron collettianum"", ""rhododendron shrub\r\nplant Kuram Valley"", ""specimen"", ""shrub"", ""flower"", ""rhododendron"", ""flora""]"
ASC0002x6c,5,32564118,,Page 297,,0.41816009557945044,drawing,"[0, 0, 344, 351, 331, 539]","{""keywords""=>[""flowers"", ""white flowers"", ""hardy shrub"", ""Rhododendron collettianum"", ""rhododendron shrub\r\nplant Kuram Valley"", ""flower"", ""rhododendron"", ""shrub"", ""flora""]}"
ASC0002x6c,5,32564118,,Page 297,,0.41816009557945044,contributor,"[506, 820, 0, 0, 0, 0]","{""name""=>[""J. Weathers"", ""GARDCHRON"", ""J.Weathers""], ""role""=>[""illustrator"", ""lithographer""]}"
ASC0002xa1,5,32564122,,Page 301,,0.41816009557945044,Page keywords,[],"[""botany"", ""convolvulus tenuissimus"", ""plant"", ""flower"", ""flowers"", ""perennial"", ""foliage silvery "", ""flowers pale pine""]"
ASC0002xa1,5,32564122,,Page 301,,0.41816009557945044,drawing,"[0, 0, 27, 64, 635, 1292]","{""keywords""=>[""botany"", ""convolvulus tenuissimus"", ""plant"", ""flower"", ""flowers"", ""perennial"", ""foliage silvery "", ""flowers pale pine""]}"
ASC0002xa1,5,32564122,,Page 301,,0.41816009557945044,species,"[177, 1348, 0, 0, 0, 0]","{""common""=>[""""], ""scientific""=>[""convolvulus tenuissimus"", ""Convolvulus tenuissimus"", ""Convolvulus tenussinus""]}"
ASC0002xbw,5,32564125,,Page 304,,0.41816009557945044,Page keywords,[],"[""Crocosma Aurea"", ""Plant"", ""flower""]"
ASC0002xbw,5,32564125,,Page 304,,0.41816009557945044,drawing,"[0, 0, 359, 401, 324, 567]","{""keywords""=>[""Crocosma Aurea"", ""Plant"", ""flower""]}"
ASC0002x7d,5,32564126,,Page 305,,0.41816009557945044,Page keywords,[],"[""plant"", ""drawing"", ""crocosma aurea"", ""flowers"", ""gardeners chronicle""]"
ASC0002x7d,5,32564126,,Page 305,,0.41816009557945044,drawing,"[0, 0, 55, 448, 601, 480]","{""keywords""=>[""plant"", ""drawing"", ""crocosma aurea"", ""flowers"", ""gardeners chronicle""]}"
ASC0002x7d,5,32564126,,Page 305,,0.41816009557945044,species,"[380, 656, 0, 0, 0, 0]","{""common""=>["""", ""Falling stars"", ""Falling Stars, Valentine Flower, or Montbretia""], ""scientific""=>[""Crocosma Aurea"", ""Crocosma aurea"", """"]}"
ASC0002x88,5,32564146,,Page 325,,0.41816009557945044,Page keywords,[],"[""chemistry"", ""potato"", ""gentian"", ""plant"", ""flower\r\n"", ""flowers"", ""flower""]"
ASC0002x88,5,32564146,,Page 325,,0.41816009557945044,drawing,"[0, 0, 18, 262, 651, 797]","{""keywords""=>[""chemistry"", ""potato"", ""gentian"", ""plant"", ""flower\r\n"", ""flowers""]}"
ASC0002xaz,5,32564149,,Page 328,,0.41816009557945044,Page keywords,[],"[""fruit"", ""opuntia"", ""garden"", ""cactus"", ""drawing"", ""fruit of opuntia"", ""Opuntia"", ""Salmiana"", ""fragilis monacantha"", ""Cactaceae"", ""seeds"", ""plant"", ""cross section"", ""seed"", ""flower""]"
ASC0002xaz,5,32564149,,Page 328,,0.41816009557945044,drawing,"[0, 0, 356, 247, 324, 937]","{""keywords""=>[""fruit"", ""opuntia"", ""garden"", ""cactus"", ""drawing"", ""fruit of opuntia"", ""Opuntia"", ""Salmiana"", ""fragilis monacantha"", ""Cactaceae"", ""seeds"", ""plant"", ""cross section"", ""seed"", ""flower""]}"
ASC0002xaz,5,32564149,,Page 328,,0.41816009557945044,inscription,"[462, 1099, 0, 0, 0, 0]","{""text""=>[""fruit of Opuntia cut open"", ""GARDCHRON"", ""cardohrun"", ""Fruit of the Opuntia cut open"", ""FIG. 4?-Fruit of Opuntia cut open (see text).""]}"
ASC0002x7h,7,32564155,,Page 334,,0.41816009557945044,Page keywords,[],"[""horticulture"", ""tools"", ""cut flower holder"", ""cheal"", ""flower holder"", ""invention"", ""flower display""]"
ASC0002x7h,7,32564155,,Page 334,,0.41816009557945044,drawing,"[0, 0, 371, 532, 324, 424]","{""keywords""=>[""horticulture"", ""tools"", ""cut flower holder"", ""cheal"", ""flower holder"", ""invention"", ""flower display""]}"
ASC0002xd5,5,32564156,,Page 335,,0.41816009557945044,Page keywords,[],"[""flowers"", ""pink"", ""flower"", ""pale pink"", ""Plant"", ""drawing""]"
ASC0002xd5,5,32564156,,Page 335,,0.41816009557945044,drawing,"[0, 0, 47, 364, 604, 679]","{""keywords""=>[""flowers"", ""pink"", ""flower"", ""pale pink"", ""Plant"", ""drawing""]}"
ASC0002xd5,5,32564156,,Page 335,,0.41816009557945044,species,"[407, 763, 0, 0, 0, 0]","{""common""=>[""""], ""scientific""=>[""Pentapera sicula"", ""pentapera sicula""]}"
ASC0002xd5,5,32564156,,Page 335,,0.41816009557945044,inscription,"[445, 989, 0, 0, 0, 0]","{""text""=>[""Gardonron"", ""Fig. 45. - PENTAPERA SICULA; flowers pale pink (see p. 334)"", ""fig.45.-pentapera sicula; flowers pale pink. (see p. 334.)""]}"
ASC0002xd5,5,32564156,,Page 335,,0.41816009557945044,contributor,"[391, 917, 0, 0, 0, 0]","{""name""=>[""GARDCHRON"", ""J. WEATHERS DEL."", ""J. Weathers del Gardohron"", ""blank"", ""J. Weathers Oil"", ""sardchron"", ""j weathers dil""], ""role""=>[""illustrator"", ""blank""]}"
ASC0002xkk,8,32564159,,Page 338,,0.41816009557945044,Page keywords,[],"[""meteorological"", ""weather"", ""temperature"", ""rainfall"", ""sunshine"", ""forcast"", ""Scotland"", ""England"", ""average temperature"", ""mean temperature"", ""Chiswick"", ""Ireland"", ""meteorology"", ""chiswick"", ""meteorological observations""]"
ASC0002xbm,5,32564166,,,,0.41816009557945044,Page keywords,[],"[""Photo"", ""garden"", ""September 22"", ""September 22nd"", ""1889"", ""Supplement"", ""Shrubland Park"", ""Ipswich"", ""Ink-photo"", ""photo"", ""Martins Lane"", ""Cannon"", ""London"", ""Britian"", ""England"", ""trees"", ""flower pots"", ""sky"", ""road"", ""stone"", ""green"", ""grass"", ""landscaped"", ""leaves"", ""branches"", ""path"", ""ink photo"", ""paths"", ""gazebo"", ""flowers "", ""Shrubland park"", ""ipswich"", ""VIEW""]"
ASC0002xbm,5,32564166,,,,0.41816009557945044,photograph,"[0, 0, 97, 111, 841, 575]","{""keywords""=>[""Photo"", ""garden"", ""September 22"", ""September 22nd"", ""1889"", ""Supplement"", ""Shrubland Park"", ""Ipswich"", ""trees"", ""flower pots"", ""sky"", ""road"", ""stone"", ""green"", ""grass"", ""landscaped"", ""leaves"", ""branches"", ""path"", ""ink photo"", ""Shrubland park"", ""ipswich""]}"
ASC0002xbm,5,32564166,,,,0.41816009557945044,photograph,"[0, 0, 104, 716, 849, 577]","{""keywords""=>[""Shrubland Park"", ""Ipswich"", ""Ink-photo"", ""photo"", ""Martins Lane"", ""Cannon"", ""London"", ""Britian"", ""England"", ""ink photo"", ""trees"", ""landscaped"", ""leaves"", ""paths"", ""branches"", ""gazebo"", ""sky"", ""green"", ""stone"", ""flowers ""]}"
ASC0002xkm,5,32564176,,Page 353,,0.41816009557945044,Page keywords,[],"[""#passionflower"", ""passion flower"", ""cross-section"", ""Brazilian"", ""Jardin des Plantes"", ""Paris"", ""climber"", ""corona"", ""passiflora"", ""flower"", ""horticulture"", ""description"", ""Passiflora miersii"", ""Brazilian Passionflower"", ""leaf""]"
ASC0002xkm,5,32564176,,Page 353,,0.41816009557945044,drawing,"[0, 0, 345, 304, 327, 851]","{""keywords""=>[""#passionflower"", ""passion flower"", ""cross-section"", ""Brazilian"", ""Jardin des Plantes"", ""Paris"", ""climber"", ""corona"", ""passiflora"", ""flower"", ""horticulture"", ""description"", ""Passiflora miersii"", ""Brazilian Passionflower""]}"
ASC0002xkm,5,32564176,,Page 353,,0.41816009557945044,species,"[465, 597, 0, 0, 0, 0]","{""common""=>["""", ""passion flower"", ""Brazilian Passionflower""], ""scientific""=>[""Passiflora Miersii"", ""Passiflora miersii""]}"
ASC0002xkm,5,32564176,,Page 353,,0.41816009557945044,inscription,"[468, 1089, 0, 0, 0, 0]","{""text""=>[""GARDCHRON"", ""Fig. 46. - passiflora miersii: warm greenhouse climber: leaves purple beneath: flowers white, flushed with pink: corona purple"", ""Fig. 46. — PASSIFLORA MIERSII: WARM GREENHOUSE CLIMBER: LEAVES PURPLE BENEATH: FLOWERS WHITE, FLUSHED WITH PINK: CORONA PURPLE.""]}"
ASC0002xkm,5,32564176,,Page 353,,0.41816009557945044,contributor,"[574, 1028, 0, 0, 0, 0]","{""name""=>[""WES"", ""GARDCHRON"", ""G.V.E.S""], ""role""=>[""illustrator"", ""other""]}"
ASC0002xfq,5,32564179,,Page 356,,0.41816009557945044,Page keywords,[],"[""flowers"", ""flower"", ""drawing"", ""daisy"", ""aster"", ""stem"", ""leaves"", ""bloom"", ""three"", ""two"", ""flowering"", ""bud"", ""budding"", ""ursinia pulchra"", ""ursinia"", ""pulchra"", ""John Weathers"", ""W.J. Weleh""]"
ASC0002xfq,5,32564179,,Page 356,,0.41816009557945044,drawing,"[0, 0, 370, 177, 623, 1092]","{""keywords""=>[""flower"", ""drawing"", ""daisy"", ""aster"", ""stem"", ""leaves"", ""bloom"", ""three"", ""two"", ""flowering"", ""bud"", ""budding"", ""ursinia pulchra"", ""ursinia"", ""pulchra"", ""John Weathers"", ""W.J. Weleh""]}"
ASC0002xfq,5,32564179,,Page 356,,0.41816009557945044,inscription,"[644, 1203, 0, 0, 0, 0]","{""text""=>[""Fig. 47.-Ursinia pulchra, annual (see P. 355)"", ""Fig. 47"", ""Annual"", ""Gardchroi"", ""see p. 355"", ""Gardomson\nW.J. Welch ""]}"
ASC0002xfq,5,32564179,,Page 356,,0.41816009557945044,contributor,"[557, 1170, 0, 0, 0, 0]","{""name""=>[""John Weathers"", ""W. J. Welch"", ""(illegible) Gardachi?"", ""John Weathers del."", ""JOhn Weathers"", ""W.J. WeLeh""], ""role""=>[""other"", ""artist"", ""illustrator""]}"
ASC0002xl4,5,32564182,,Page 359,,0.41816009557945044,Page keywords,[],"[""horticulture"", ""garden"", ""ROUPELLA GRATA"", ""STOVE CLIMBER"", ""flower"", ""fragrant"", ""climber"", ""white"", ""plant""]"
ASC0002xla,8,32564183,,Page 360,,0.41816009557945044,Page keywords,[],"[""flower"", ""background"", ""white"", ""behind"", ""flowering"", ""berrying"", ""horticulture"", ""leaves"", ""variety"", ""gold leaved plants""]"
ASC0002xla,8,32564183,,Page 360,,0.41816009557945044,chart,"[0, 0, 34, 51, 339, 459]","{""keywords""=>[""flowering"", ""berrying"", ""horticulture"", ""leaves"", ""variety"", ""gold leaved plants""]}"
ASC0002xla,8,32564183,,Page 360,,0.41816009557945044,species,"[144, 301, 0, 0, 0, 0]","{""common""=>[""aura regina"", """", ""Watereriana"", ""aurea longfolia""], ""scientific""=>["""", ""aurea regina nigra"", ""aureo-marginata"", ""aurea angustifolia"", ""aureo-marginata fructu luteo"", ""aurea marginata intermedia"", ""aurea nana"", ""heterphylla aureo-marginata"", ""aurea maculata"", ""heterophylla aureo-picta"", ""aureo medio picta"", ""Lawsoni"", ""aurea augusti marginata"", ""aurea ferox"", ""aurea muricata""]}"
ASC0002xao,5,32564184,,Page 361,,0.41816009557945044,Page keywords,[],"[""plant"", ""bulb"", ""disease"", ""black rot"", ""canker"", ""flower"", ""fungus"", ""rot"", ""#Botany\r\n#Disease""]"
ASC0002xao,5,32564184,,Page 361,,0.41816009557945044,drawing,"[0, 0, 349, 507, 296, 348]","{""keywords""=>[""plant"", ""bulb"", ""disease"", ""black rot"", ""canker"", ""flower"", ""fungus"", ""rot"", ""#Botany\r\n#Disease""]}"
ASC0002xao,5,32564184,,Page 361,,0.41816009557945044,inscription,"[500, 827, 0, 0, 0, 0]","{""text""=>[""Fig. 49.-Black Canker of Bulbs."", ""X10"", ""X300""]}"
ASC0002xk5,5,32564188,,Page 365,,0.41816009557945044,Page keywords,[],"[""insect"", ""beetle"", ""sawfly"", ""pests"", ""garden"", ""temperature"", ""rainfall"", ""United Kingdom"", ""pest"", ""life cycle"", ""pine"", ""table"", ""weather"", ""England"", ""Ireland"", ""Scotland"", ""Channel Islands"", ""Rainfall"", ""Temperature"", ""Sunshine"", ""agriculture"", ""wheat"", ""grazing"", ""crops"", ""bug"", ""fly"", ""temprature"", ""place"", ""district""]"
ASC0002xk5,5,32564188,,Page 365,,0.41816009557945044,drawing,"[0, 0, 339, 429, 350, 258]","{""keywords""=>[""insect"", ""beetle"", ""sawfly"", ""pests"", ""garden"", ""temperature"", ""rainfall"", ""United Kingdom"", ""bug""]}"
ASC0002xk5,5,32564188,,Page 365,,0.41816009557945044,drawing,"[0, 0, 339, 703, 343, 353]","{""keywords""=>[""insect"", ""pest"", ""sawfly"", ""life cycle"", ""pine"", ""beetle"", ""bug"", ""fly""]}"
ASC0002xk5,5,32564188,,Page 365,,0.41816009557945044,species,"[451, 630, 0, 0, 0, 0]","{""common""=>[""Pine Beetle"", ""pine beetle"", ""Pine Sawfly""], ""scientific""=>[""""]}"
ASC0002xa3,5,32564204,,Page 381,,0.41816009557945044,Page keywords,[],"[""pterocarya fraxinifolia"", ""Caucasian wingnut "", ""caucasian walnut"", ""tree"", ""nuts"", ""leaves"", ""plant"", ""foliage"", ""hardy"", ""hanging"", ""Caucasian wingnut"", ""Caucasian walnut"", ""catkin"", ""Juglandaceae""]"
ASC0002xa3,5,32564204,,Page 381,,0.41816009557945044,drawing,"[0, 0, 16, 78, 650, 1279]","{""keywords""=>[""pterocarya fraxinifolia"", ""Caucasian wingnut "", ""caucasian walnut"", ""tree"", ""nuts"", ""leaves"", ""plant"", ""foliage"", ""hardy"", ""hanging"", ""Caucasian wingnut"", ""Caucasian walnut"", ""catkin"", ""Juglandaceae""]}"
ASC0002xa3,5,32564204,,Page 381,,0.41816009557945044,species,"[153, 1349, 0, 0, 0, 0]","{""common""=>[""""], ""scientific""=>[""Pterocarya franxinifolia"", ""Pterocarya Fraxinifolia"", ""Pterocarya fraxinifolia""]}"
ASC0002xa3,5,32564204,,Page 381,,0.41816009557945044,inscription,"[616, 1297, 0, 0, 0, 0]","{""text""=>[""Fig. 52. PTEROCALYA FRAXINIFOLIA: Low Tree, Hardy Foliage and nuts. "", ""E. W. SM. Sc"", ""E.W.SM.Sf""]}"
ASC0002xa3,5,32564204,,Page 381,,0.41816009557945044,contributor,"[598, 1295, 0, 0, 0, 0]","{""name""=>[""E.W.SM.SE"", ""blank"", ""Possibly EW St M Sc""], ""role""=>[""illustrator"", ""blank""]}"
ASC0002yho,5,32564207,,Page 384,,0.41816009557945044,Page keywords,[],"[""#Arbor\r\n#walnut"", ""wallnut"", ""walnut"", ""mandsurian walnut"", ""foliage"", ""fruit"", ""leaf""]"
ASC0002yho,5,32564207,,Page 384,,0.41816009557945044,drawing,"[0, 0, 368, 284, 648, 782]","{""keywords""=>[""#Arbor\r\n#walnut"", ""wallnut"", ""walnut"", ""mandsurian walnut"", ""foliage"", ""fruit"", ""leaf""]}"
ASC0002xc0,7,32564210,,Page 387,,0.41816009557945044,Page keywords,[],"[""imports"", ""August"", ""fruit"", ""hops"", ""onions"", ""potatos"", ""yeast"", ""stocks\r\n"", ""stock taking""]"
ASC0002xc0,7,32564210,,Page 387,,0.41816009557945044,chart,"[0, 0, 346, 545, 330, 641]","{""keywords""=>[""imports"", ""August"", ""fruit"", ""hops"", ""onions"", ""potatos"", ""yeast"", ""stocks\r\n"", ""stock taking""]}"
ASC0002xaq,5,32564212,,Page 389,,0.41816009557945044,Page keywords,[],"[""botany"", ""Phalenopsis stuartiana"", ""leaf-buds"", ""buds"", ""flower"", ""orchid""]"
ASC0002xaq,5,32564212,,Page 389,,0.41816009557945044,drawing,"[0, 0, 343, 341, 317, 707]","{""keywords""=>[""botany"", ""Phalenopsis stuartiana"", ""leaf-buds"", ""buds"", ""flower"", ""orchid""]}"
ASC0002xg6,6,32564214,,Page 391,,0.41816009557945044,Page keywords,[],"[""HORTICULTURE"", ""greenhouse"", ""boiler"", ""horizontal"", ""tubular"", ""Boiler"", ""new horizontal tubular boiler"", ""developments (1888)""]"
ASC0002xg6,6,32564214,,Page 391,,0.41816009557945044,drawing,"[0, 0, 84, 597, 497, 207]","{""keywords""=>[""boiler"", ""tubular"", ""Boiler"", ""new horizontal tubular boiler"", ""developments (1888)"", ""HORTICULTURE"", ""greenhouse""]}"
ASC0002xg6,6,32564214,,Page 391,,0.41816009557945044,inscription,"[526, 708, 0, 0, 0, 0]","{""text""=>[""Fig. 55 -- NEW HORIZONTAL TUBULAR BOILER. (SEE P. 390.)"", ""Fig. 55 - new horizontal tubular boiler ( see p. 390); section of patent joint"", ""New Horizontal Tubular Boiler""]}"
ASC0002xbf,5,32564224,,,,0.41816009557945044,Page keywords,[],"[""Madeira"", ""Public Gardens"", ""Ink photo"", ""landscape"", ""garden"", ""ink photo"", ""palms"", ""1888"", ""fountain"", ""Canon""]"
ASC0002xbf,5,32564224,,,,0.41816009557945044,photograph,"[0, 0, 111, 138, 819, 1153]","{""keywords""=>[""Madeira"", ""Public Gardens"", ""Ink photo"", ""ink photo"", ""palms"", ""garden"", ""1888"", ""fountain"", ""Canon""]}"
ASC0002xbx,6,32564234,,Page 409,,0.41816009557945044,Page keywords,[],"[""palm"", ""Florida"", ""tree"", ""palm tree"", ""plant"", ""florida""]"
ASC0002xbx,6,32564234,,Page 409,,0.41816009557945044,drawing,"[0, 0, 135, 292, 781, 773]","{""keywords""=>[""palm"", ""Florida"", ""tree"", ""palm tree"", ""plant"", ""florida""]}"
ASC0002xaf,5,32564237,,Page 412,,0.41816009557945044,Page keywords,[],"[""plant"", ""lilium"", ""Nepal"", ""B?W rensring"", ""Flower""]"
ASC0002x7a,5,32564240,,Page 415,,0.41816009557945044,Page keywords,[],"[""rockery"", ""pen and ink"", ""garden"", ""pinner"", ""sketch"", ""gardens"", ""Barrow Point Hill"", ""Pinner""]"
ASC0002x7a,5,32564240,,Page 415,,0.41816009557945044,drawing,"[0, 0, 44, 323, 969, 756]","{""keywords""=>[""rockery"", ""pen and ink"", ""garden"", ""pinner"", ""sketch"", ""gardens"", ""Barrow Point Hill"", ""Pinner""]}"
ASC0002xc7,7,32564259,,Page 434,,0.41816009557945044,Page keywords,[],"[""offer"", ""trade"", ""gardeners"", ""kalanchoe carnea"", ""novelty for 1889\r\nspecial offer to the trade"", ""kalancho carnea"", ""awarded 1st class certificate royal horticulture society.1/11/1887"", ""flowers"", ""Kalanchoe carnea"", ""plant"", ""advertisement""]"
ASC0002xhs,5,32564286,,,,0.41816009557945044,Page keywords,[],"[""Ink photo"", ""Dragon Tree"", ""Garden"", ""W.P. Hinton"", ""Madeira"", ""dragon trees"", ""madeira"", ""w p hinton"", ""ink photo"", ""garden tree"", ""1888"", ""dragon tree"", ""garden"", ""w.p.hinton""]"
ASC0002x9t,7,32564297,,Page 470,,0.41816009557945044,Page keywords,[],"[""apple"", ""pest"", ""destruction"", ""canker"", ""fungus"", ""fruit"", ""tree"", ""moth"", ""grub"", ""insect"", ""larva"", ""egg"", ""seed"", ""blight"", ""leaf"", ""pear"", ""weevil"", ""blossom"", ""eggs"", ""stamen"", ""pistil"", ""drawing of apple infected by fungus"", ""drawing of apple grub and moth infecting apple"", ""drawing of insects that cause tree blight"", ""drawing of lifecycle stages of the apple weevil"", ""apple grub"", ""American blight"", ""apple weevil"", ""apple moth"", ""insects"", ""american blight""]"
ASC0002x9t,7,32564297,,Page 470,,0.41816009557945044,drawing,"[0, 0, 34, 454, 327, 479]","{""keywords""=>[""apple"", ""pest"", ""destruction"", ""canker"", ""fungus"", ""fruit"", ""tree"", ""drawing of apple infected by fungus""]}"
ASC0002x9t,7,32564297,,Page 470,,0.41816009557945044,drawing,"[0, 0, 374, 368, 305, 679]","{""keywords""=>[""apple"", ""tree"", ""destruction"", ""moth"", ""grub"", ""fruit"", ""insect"", ""larva"", ""egg"", ""seed"", ""drawing of apple grub and moth infecting apple"", ""apple grub"", ""apple moth""]}"
ASC0002x9t,7,32564297,,Page 470,,0.41816009557945044,drawing,"[0, 0, 707, 404, 312, 352]","{""keywords""=>[""apple"", ""tree"", ""blight"", ""leaf"", ""insect"", ""fruit"", ""drawing of insects that cause tree blight"", ""American blight"", ""insects"", ""american blight""]}"
ASC0002x9t,7,32564297,,Page 470,,0.41816009557945044,drawing,"[0, 0, 715, 773, 297, 219]","{""keywords""=>[""apple"", ""pear"", ""tree"", ""insect"", ""weevil"", ""blossom"", ""eggs"", ""grub"", ""fruit"", ""stamen"", ""pistil"", ""drawing of lifecycle stages of the apple weevil"", ""apple weevil"", ""insects""]}"
ASC0002x9t,7,32564297,,Page 470,,0.41816009557945044,species,"[279, 853, 0, 0, 0, 0]","{""common""=>[""Canker"", ""Fungus"", """"], ""scientific""=>[""Necria ditissima"", ""Nectria Ditissima"", ""Nectria ditissima""]}"
ASC0002x9t,7,32564297,,Page 470,,0.41816009557945044,species,"[888, 919, 0, 0, 0, 0]","{""common""=>[""Apple Blossom Weevil"", ""Apple Weevil"", ""apple weevil""], ""scientific""=>[""Antinonomous pomorum"", """"]}"
ASC0002x9t,7,32564297,,Page 470,,0.41816009557945044,species,"[577, 1024, 0, 0, 0, 0]","{""common""=>[""Apple Grub"", ""Moth"", ""apple grub""], ""scientific""=>[""""]}"
ASC0002x95,5,32564298,,Page 471,,0.41816009557945044,Page keywords,[],"[""apple"", ""pear"", ""diseases"", ""insect"", ""fungus"", ""Fusicladium pyrinum"", ""microscopic view of fungi"", ""sawfly"", ""slug-worm"", ""mussel-scale"", ""drawing"", ""mildew"", ""slug worm"", ""cladosporium"", ""leaf eaten"", ""fruit tree diseases"", ""insect vectors"", ""identification""]"
ASC0002x95,5,32564298,,Page 471,,0.41816009557945044,drawing,"[0, 0, 358, 977, 303, 291]","{""keywords""=>[""slug worm"", ""sawfly"", ""leaf eaten""]}"
ASC0002x95,5,32564298,,Page 471,,0.41816009557945044,drawing,"[0, 0, 695, 570, 292, 304]","{""keywords""=>[""cladosporium"", ""apple"", ""drawing""]}"
ASC0002x95,5,32564298,,Page 471,,0.41816009557945044,drawing,"[0, 0, 351, 539, 323, 336]","{""keywords""=>[""mussel-scale"", ""pear""]}"
ASC0002x95,5,32564298,,Page 471,,0.41816009557945044,drawing,"[0, 0, 29, 555, 301, 321]","{""keywords""=>[""apple"", ""pear"", ""diseases"", ""insect"", ""fungus"", ""Fusicladium pyrinum"", ""microscopic view of fungi"", ""sawfly"", ""slug-worm"", ""mildew"", ""drawing"", ""fruit tree diseases"", ""insect vectors"", ""identification""]}"
ASC0002x95,5,32564298,,Page 471,,0.41816009557945044,drawing,"[0, 0, 352, 200, 315, 238]","{""keywords""=>[""mussel-scale"", ""drawing""]}"
ASC0002x95,5,32564298,,Page 471,,0.41816009557945044,species,"[190, 753, 0, 0, 0, 0]","{""common""=>[""apple"", ""mildew"", ""MILDEW ON APPLE"", ""Mildew"", ""Apple""], ""scientific""=>[""""]}"
ASC0002x95,5,32564298,,Page 471,,0.41816009557945044,species,"[836, 754, 0, 0, 0, 0]","{""common""=>[""apple"", """", ""CLADOSPORIUM ON APPLES"", ""Apple"", ""cladosporium"", ""Cladosporium""], ""scientific""=>["""", ""Cladosporium dendriticum""]}"
ASC0002x95,5,32564298,,Page 471,,0.41816009557945044,species,"[504, 335, 0, 0, 0, 0]","{""common""=>[""apple"", ""APPLE MUSSEL-SCALE"", ""Apple Mussel-scale"", ""Apple"", ""Muscle Scale"", ""apple mussel scale""], ""scientific""=>[""""]}"
ASC0002x95,5,32564298,,Page 471,,0.41816009557945044,species,"[526, 777, 0, 0, 0, 0]","{""common""=>[""pear"", ""pear mussel-calk"", ""PEAR MUSSEL-SCALE"", ""Pear Mussel-scale"", ""Pear"", ""Mussel Scale""], ""scientific""=>["""", ""Cladosporium dendriticum""]}"
ASC0002x95,5,32564298,,Page 471,,0.41816009557945044,species,"[463, 1124, 0, 0, 0, 0]","{""common""=>[""saw fly"", ""SLUG WORM"", ""SAW FLY"", ""Slug-worm"", ""Sawfly"", ""Slug worm or Sawfly""], ""scientific""=>[""""]}"
ASC0002yfh,5,32564304,,Page 477,,0.41816009557945044,Page keywords,[],"[""Plant"", ""flower"", ""flowers red"", ""leaves striped"", ""potted"", ""red"", ""striped"", ""blooming"", ""plant"", ""pot""]"
ASC0002yfh,5,32564304,,Page 477,,0.41816009557945044,drawing,"[0, 0, 169, 343, 692, 696]","{""keywords""=>[""Plant"", ""flower"", ""flowers red"", ""leaves striped"", ""potted"", ""red"", ""striped"", ""blooming""]}"
ASC0002ygp,5,32564308,,Page 481,,0.41816009557945044,Page keywords,[],"[""flower"", ""orchid"", ""plant"", """", ""botany"", ""plants"", ""STANHOPEA TIGRINA""]"
ASC0002ygp,5,32564308,,Page 481,,0.41816009557945044,drawing,"[0, 0, 55, 355, 578, 689]","{""keywords""=>[""flower"", ""plant"", ""orchid"", """", ""botany"", ""plants"", ""STANHOPEA TIGRINA""]}"
ASC0002ygp,5,32564308,,Page 481,,0.41816009557945044,contributor,"[296, 984, 0, 0, 0, 0]","{""name""=>[""GARDCHRON"", ""T. E. Sm"", ""Gardchron""], ""role""=>[""illustrator"", ""other""]}"
ASC0002x80,6,32564331,,Page 504,,0.41816009557945044,Page keywords,[],"[""Persimmon"", ""bark"", ""persimmon"", ""Kew Gardens"", ""Kew Arboretum"", ""specimen tree"", ""plant"", ""tree"", ""Bark""]"
ASC0002x80,6,32564331,,Page 504,,0.41816009557945044,drawing,"[0, 0, 386, 549, 296, 338]","{""keywords""=>[""Persimmon"", ""bark"", ""persimmon"", ""Kew Gardens"", ""Kew Arboretum"", ""specimen tree"", ""plant"", ""tree"", ""Bark""]}"
ASC0002xfg,5,32564332,,Page 505,,0.41816009557945044,Page keywords,[],"[""specimen tree"", ""Kew Gardens"", ""Persimmon"", ""DIOSPYROS VIRGINIANA"", ""blue"", ""sky"", ""clouds"", ""tree"", ""grass"", ""path"", ""Kew"", ""The Persimmon"", ""persimmon"", ""diospyros virgiana""]"
ASC0002xfg,5,32564332,,Page 505,,0.41816009557945044,drawing,"[0, 0, 25, 234, 651, 942]","{""keywords""=>[""specimen tree"", ""Kew Gardens"", ""Persimmon"", ""DIOSPYROS VIRGINIANA"", ""Kew"", ""The Persimmon"", ""persimmon"", ""diospyros virgiana""]}"
ASC0002x8x,5,32564340,,Page 513,,0.41816009557945044,Page keywords,[],"[""Caesalpinis japonica"", ""shrub"", ""yellow flower"", ""plant"", ""caesalpinia japonica"", ""drawing"", ""flower""]"
ASC0002x8x,5,32564340,,Page 513,,0.41816009557945044,drawing,"[0, 0, 81, 86, 886, 1003]","{""keywords""=>[""Caesalpinis japonica"", ""shrub"", ""yellow flower"", ""plant"", ""caesalpinia japonica"", ""drawing"", ""flower""]}"
ASC0002wzp,5,32564352,,,,0.41816009557945044,Page keywords,[],"[""flower garden"", ""park"", ""landscape"", ""photo"", ""garden"", ""flower"", ""1888"", ""Landscape photo"", ""Black and White"", ""November""]"
ASC0002wzp,5,32564352,,,,0.41816009557945044,contributor,"[867, 266, 0, 0, 0, 0]","{""name""=>[""Sprague & Co, 22 Martins Lane, Cannon Street, London"", ""INK PHOTO"", ""Sprague and Company""], ""role""=>[""photographer"", ""lithographer""]}"
ASC0002yhd,5,32564362,,Page 533,,0.41816009557945044,Page keywords,[],"[""flower"", ""begonia"", ""plant""]"
ASC0002yhd,5,32564362,,Page 533,,0.41816009557945044,drawing,"[0, 0, 344, 496, 319, 400]","{""keywords""=>[""flower"", ""begonia"", ""plant""]}"
ASC0002yfm,5,32564365,,Page 536,,0.41816009557945044,Page keywords,[],"[""plant"", ""begonia"", ""flowers"", ""scarlet"", ""flower"", ""red"", ""see p. 534"", ""garden flower"", ""progenitors of tuberous begonia"", ""plant origins""]"
ASC0002yfm,5,32564365,,Page 536,,0.41816009557945044,drawing,"[0, 0, 365, 417, 656, 517]","{""keywords""=>[""see p. 534"", ""garden flower"", ""progenitors of tuberous begonia"", ""plant origins""]}"
ASC0002wwt,6,32564366,,Page 537,,0.41816009557945044,Page keywords,[],"[""begonia soctrana"", ""begonia"", ""begonia socotrana"", ""flowers"", ""pink flowers"", ""Begonia Socotrana"", ""flowers pink"", ""botany"", ""plant"", ""flower"", ""biology""]"
ASC0002wwt,6,32564366,,Page 537,,0.41816009557945044,drawing,"[0, 0, 43, 323, 617, 744]","{""keywords""=>[""begonia soctrana"", ""begonia"", ""begonia socotrana"", ""flowers"", ""pink flowers"", ""Begonia Socotrana"", ""flowers pink"", ""botany"", ""plant"", ""flower"", ""biology""]}"
ASC0002wwt,6,32564366,,Page 537,,0.41816009557945044,contributor,"[410, 989, 0, 0, 0, 0]","{""name""=>[""E.W.S.S."", ""E. Willis""], ""role""=>[""other"", ""illustrator""]}"
ASC0002wwt,6,32564366,,Page 537,,0.41816009557945044,contributor,"[194, 996, 0, 0, 0, 0]","{""name""=>[""M.S.Jul."", ""M.S.Jal?"", ""M. Sidel""], ""role""=>[""other"", ""illustrator""]}"
ASC0002x9c,5,32564370,,Page 541,,0.41816009557945044,Page keywords,[],"[""<orchid"", ""Pitcher apple-green spotted with crimson"", ""NEPENTHES DICKSONIANA"", ""flower"", ""pitcher"", ""green"", ""crimson"", ""Plant"", ""carnivorous ""]"
ASC0002x9c,5,32564370,,Page 541,,0.41816009557945044,drawing,"[0, 0, 43, 81, 947, 1270]","{""keywords""=>[""<orchid"", ""Pitcher apple-green spotted with crimson"", ""Plant"", ""carnivorous ""]}"
ASC0002xgd,6,32564374,,Page 545,,0.41816009557945044,Page keywords,[],"[""anthrotaxes"", ""plant"", ""seed"", ""flower"", ""coniferous"", ""evergreen"", ""seed cone""]"
ASC0002xgd,6,32564374,,Page 545,,0.41816009557945044,drawing,"[0, 0, 353, 450, 313, 454]","{""keywords""=>[""plant"", ""seed"", ""flower"", ""coniferous"", ""evergreen"", ""seed cone""]}"
ASC0002xgd,6,32564374,,Page 545,,0.41816009557945044,species,"[545, 914, 0, 0, 0, 0]","{""common""=>[""""], ""scientific""=>[""Athrotaxis Selaginoides"", ""Athrotaxis Selaginoids"", ""Athrotaxis selaginoides""]}"
ASC0002xuo,5,32564394,,Page 565,,0.41816009557945044,Page keywords,[],"[""plant"", ""crocosma aurea"", ""maculata"", ""flower"", ""Flora"", ""lily"", ""buds"", ""leaves"", ""bloom""]"
ASC0002xuo,5,32564394,,Page 565,,0.41816009557945044,drawing,"[0, 0, 28, 347, 636, 684]","{""keywords""=>[""crocosma aurea"", ""maculata"", ""plant"", ""flower"", ""Flora"", ""lily"", ""buds"", ""leaves"", ""bloom""]}"
ASC0002xuo,5,32564394,,Page 565,,0.41816009557945044,contributor,"[330, 919, 0, 0, 0, 0]","{""name""=>[""GARDCHRON"", ""Gamochron"", ""gardchron"", ""A. E. s.m. ""], ""role""=>[""illustrator"", ""printer""]}"
ASC0002yiq,5,32564398,,Page 569,,0.41816009557945044,Page keywords,[],"[""tree diameter"", ""Douglas Fir"", ""Diagram"", ""Increase"", ""Diameter"", ""Trunk"", ""Age"", ""Inches"", ""Years"", ""Gardener"", ""Periodic"", ""Increment"", ""Twenty-five"", ""Square Feet"", ""Table"", ""Increment "", ""Hundred."", ""douglas fir"", ""age"", ""diameter of trunk"", ""area"", ""rate of growth"", ""tree"", ""fir"", ""evergreen"", ""conifer"", ""diameter"", ""increment""]"
ASC0002yiq,5,32564398,,Page 569,,0.41816009557945044,drawing,"[0, 0, 341, 684, 344, 225]","{""keywords""=>[""tree diameter"", ""Douglas Fir"", ""Gardener"", ""Diagram"", ""Periodic"", ""Increment"", ""Twenty-five"", ""Years"", ""Square Feet""]}"
ASC0002yiq,5,32564398,,Page 569,,0.41816009557945044,chart,"[0, 0, 349, 288, 326, 267]","{""keywords""=>[""Diagram"", ""Increase"", ""Diameter"", ""Trunk"", ""Douglas Fir"", ""Age"", ""Inches"", ""Years"", ""douglas fir"", ""age"", ""diameter of trunk"", ""area"", ""rate of growth"", ""fir"", ""evergreen"", ""conifer"", ""diameter""]}"
ASC0002xuy,5,32564406,,Page 577,,0.41816009557945044,Page keywords,[],"[""orchid"", ""yellow"", ""red"", ""spots"", ""flower"", ""maxillaria""]"
ASC0002xuy,5,32564406,,Page 577,,0.41816009557945044,drawing,"[0, 0, 343, 429, 331, 525]","{""keywords""=>[""orchid"", ""yellow"", ""red"", ""spots"", ""flower"", ""maxillaria""]}"
ASC0002xuy,5,32564406,,Page 577,,0.41816009557945044,species,"[491, 935, 0, 0, 0, 0]","{""common""=>[""""], ""scientific""=>[""Maxillaria fuscata"", ""Maxillaria Fuscata""]}"
ASC0002xuy,5,32564406,,Page 577,,0.41816009557945044,contributor,"[501, 866, 0, 0, 0, 0]","{""name""=>[""E. W. Smsc"", ""Gar?chron"", ""blank"", ""E.W. S.M. S.C."", ""E.W. S...SC""], ""role""=>[""illustrator"", ""printer"", ""blank""]}"
ASC0002x97,5,32564418,,,,0.41816009557945044,Page keywords,[],"[""orchid"", ""Orchids"", ""Ink Photo"", ""#orchids"", ""orchids"", ""flower arrangement""]"
ASC0002x97,5,32564418,,,,0.41816009557945044,photograph,"[0, 0, 48, 53, 971, 1308]","{""keywords""=>[""orchid"", ""Orchids"", ""Ink Photo"", ""#orchids"", ""orchids"", ""flower arrangement""]}"
ASC0002xuk,5,32564428,,Page 597,,0.41816009557945044,Page keywords,[],"[""Flower"", ""tree"", ""plants"", ""description"", ""EUCALYPTUS VIMINALIS"", ""manna gum"", ""white gum"", ""flowers""]"
ASC0002xuk,5,32564428,,Page 597,,0.41816009557945044,drawing,"[0, 0, 30, 298, 977, 788]","{""keywords""=>[""Flower"", ""tree"", ""plants"", ""description"", ""EUCALYPTUS VIMINALIS"", ""manna gum"", ""white gum"", ""flowers""]}"
ASC0002xuk,5,32564428,,Page 597,,0.41816009557945044,species,"[524, 665, 0, 0, 0, 0]","{""common""=>[""Manna Eucalypt"", """", ""manna gum, white gum""], ""scientific""=>[""Eucalyptus Viminalis"", ""Eucalyptus viminalis""]}"
ASC0002xuk,5,32564428,,Page 597,,0.41816009557945044,contributor,"[445, 1004, 0, 0, 0, 0]","{""name""=>[""??? Signature???"", ""???"", ""St. E. Sm.""], ""role""=>[""illustrator""]}"
ASC0002yh1,7,32564429,,Page 598,,0.41816009557945044,Page keywords,[],"[""plants"", ""trees"", ""wood"", ""silver fir"", ""tree"", ""douglas fir"", ""mean volume"", ""sectional area"", ""per acre"", ""figures"", ""wod volume"", ""dominant tree"", ""number per acre""]"
ASC0002yh1,7,32564429,,Page 598,,0.41816009557945044,chart,"[0, 0, 698, 482, 323, 213]","{""keywords""=>[""plants"", ""trees"", ""wood"", ""silver fir"", ""tree"", ""mean volume"", ""douglas fir"", ""figures"", ""wod volume""]}"
ASC0002yh1,7,32564429,,Page 598,,0.41816009557945044,chart,"[0, 0, 710, 840, 298, 72]","{""keywords""=>[""plants"", ""trees"", ""wood"", ""douglas fir"", ""tree"", ""sectional area"", ""dominant tree"", ""figures""]}"
ASC0002yh1,7,32564429,,Page 598,,0.41816009557945044,chart,"[0, 0, 717, 1153, 284, 87]","{""keywords""=>[""plants"", ""trees"", ""wood"", ""douglas fir"", ""tree"", ""per acre"", ""number per acre"", ""figures""]}"
ASC0002x8u,5,32564432,,Page 601,,0.41816009557945044,Page keywords,[],"[""flower"", ""horticulture"", ""description"", ""Calandrina oppositifolia"", ""plant\r\nflowers""]"
ASC0002xam,6,32564435,,Page 604,,0.41816009557945044,Page keywords,[],"[""stone pine"", ""tree"", ""pine"", ""Pinus Pinea"", ""Tree"", ""Pinus Pinnea""]"
ASC0002xam,6,32564435,,Page 604,,0.41816009557945044,drawing,"[0, 0, 375, 430, 313, 530]","{""keywords""=>[""stone pine"", ""tree"", ""pine"", ""Pinus Pinea""]}"
ASC0002x94,5,32564436,,Page 605,,0.41816009557945044,Page keywords,[],"[""tree"", ""pinus pinea"", ""royal gardens"", ""kew"", ""pine"", ""royal"", ""garden"", ""kew gardens""]"
ASC0002x94,5,32564436,,Page 605,,0.41816009557945044,drawing,"[0, 0, 31, 342, 957, 700]","{""keywords""=>[""tree"", ""pinus pinea"", ""royal gardens"", ""kew"", ""pine"", ""royal"", ""garden"", ""kew gardens""]}"
ASC0002y1j,6,32564438,,Page 607,,0.41816009557945044,Page keywords,[],"[""slopes"", ""too small"", ""slope"", ""bank"", ""types of slopes"", ""instructions"", ""gardening"", ""diagram"", ""terrace"", ""ogee"", ""soil"", ""turf"", ""slope\r\ngradient\r\nsteepness  "", ""horticulture"", ""sloping land""]"
ASC0002y1j,6,32564438,,Page 607,,0.41816009557945044,drawing,"[0, 0, 340, 583, 340, 267]","{""keywords""=>[""slopes"", ""too small"", ""slope"", ""bank"", ""types of slopes"", ""instructions"", ""gardening"", ""diagram"", ""terrace"", ""ogee"", ""soil"", ""turf"", ""horticulture"", ""sloping land""]}"
ASC0002y1j,6,32564438,,Page 607,,0.41816009557945044,inscription,"[519, 724, 0, 0, 0, 0]","{""text""=>[""Fig. 86 - Types of Slopes"", ""Fig. 56.-TYPES OF SLOPES "", ""GOOD"", ""f"", ""g"", ""m"", ""Fig. 86. -- TYPES OF SLOPES."", ""i"", ""o"", ""l"", ""Fig. 86.-Types of slopes"", ""j"", ""BAD"", ""a"", ""c"", ""d"", ""h"", ""n"", ""p"", ""b"", ""k"", ""q"", ""e""]}"
ASC0002ygx,5,32564460,,Page 629,,0.41816009557945044,Page keywords,[],"[""plant"", ""orchid"", ""flowers"", ""bloom"", ""cut flowers"", ""flower"", ""bamboo orchid""]"
ASC0002ygx,5,32564460,,Page 629,,0.41816009557945044,drawing,"[0, 0, 32, 224, 629, 954]","{""keywords""=>[""plant"", ""orchid"", ""flowers"", ""bloom"", ""cut flowers"", ""bamboo orchid"", ""flower""]}"
ASC0002ygx,5,32564460,,Page 629,,0.41816009557945044,species,"[353, 711, 0, 0, 0, 0]","{""common""=>[""Bamboo orchid"", """", ""Bamboo Orchid""], ""scientific""=>[""Arundina graminifolia"", ""Arundina Bambusaefolia"", ""Arundina Bambusifolia""]}"
ASC0002y1s,5,32564463,,Page 632,,0.41816009557945044,Page keywords,[],"[""chlorophyll"", ""spectrum"", ""line"", ""curve"", ""plants"", ""experiments"", ""graph"", ""light"", ""chemistry"", ""chart"", ""spectroscopy of chlorophile""]"
ASC0002y1s,5,32564463,,Page 632,,0.41816009557945044,chart,"[0, 0, 363, 586, 311, 149]","{""keywords""=>[""chlorophyll"", ""spectrum"", ""line"", ""curve"", ""plants"", ""experiments"", ""graph"", ""light"", ""chemistry"", ""chart"", ""spectroscopy of chlorophile""]}"
ASC0002y1s,5,32564463,,Page 632,,0.41816009557945044,inscription,"[460, 728, 0, 0, 0, 0]","{""text""=>[""CHLOROPHYLL SPECTRUM"", ""Chlorophyll Spectrum"", ""Figure 88. - Chlorophyll Spectrum"", ""chlorophyll spectrum""]}"
ASC0002yhr,6,32564464,,Page 633,,0.41816009557945044,Page keywords,[],"[""plants"", ""botany"", ""light"", ""W. Pfeffer"", ""carbon "", ""decomposition "", ""fysics "", ""chart "", ""chlorophyll "", ""spectra"", ""Spectra"", ""light spectra"", ""chlorophyll"", ""carbonic acid"", ""decomposition"", ""carbon assimilation"", ""assimilation of carbon""]"
ASC0002yhr,6,32564464,,Page 633,,0.41816009557945044,drawing,"[0, 0, 56, 326, 595, 351]","{""keywords""=>[""plants"", ""botany"", ""light"", ""Spectra"", ""chlorophyll "", ""light spectra"", ""chlorophyll""]}"
ASC0002yhr,6,32564464,,Page 633,,0.41816009557945044,drawing,"[0, 0, 42, 698, 628, 380]","{""keywords""=>[""plants"", ""botany"", ""W. Pfeffer"", ""light"", ""carbon "", ""decomposition "", ""fysics "", ""spectra"", ""chlorophyll "", ""carbonic acid"", ""decomposition"", ""carbon assimilation""]}"
ASC0002yhr,6,32564464,,Page 633,,0.41816009557945044,inscription,"[332, 701, 0, 0, 0, 0]","{""text""=>[""Spectra of cholorophyll."", ""Fig. 89.- spectra of chlorophyll"", ""Fig. 90 - Decomposition of Carbonic Acid, and Assimilation of Carbon.""]}"
ASC0002y1f,6,32564470,,Page 639,,0.41816009557945044,Page keywords,[],"[""#invention\r\n#orchid"", ""orchid"", ""flower holder""]"
ASC0002y1f,6,32564470,,Page 639,,0.41816009557945044,drawing,"[0, 0, 348, 548, 169, 540]","{""keywords""=>[""#invention\r\n#orchid"", ""orchid"", ""flower holder""]}"
ASC0002xis,5,32564472,,Page 641,,0.41816009557945044,Page keywords,[],"[""beetle"", ""Coleoptera"", ""damage to wood"", ""microscopic view of head"", ""long horned"", ""insects"", ""beetles"", ""larvae"", ""head"", ""diagram"", ""Entomology"", ""long-horn beetle"", ""wood damage"", ""magnified view"", ""insect""]"
ASC0002xis,5,32564472,,Page 641,,0.41816009557945044,drawing,"[0, 0, 353, 460, 328, 453]","{""keywords""=>[""beetle"", ""Coleoptera"", ""damage to wood"", ""microscopic view of head"", ""long horned"", ""insects"", ""beetles"", ""larvae"", ""Entomology"", ""long-horn beetle"", ""wood damage"", ""magnified view"", ""insect""]}"
ASC0002xis,5,32564472,,Page 641,,0.41816009557945044,species,"[602, 605, 0, 0, 0, 0]","{""common""=>[""beetle"", """"], ""scientific""=>[""Callidium (Gracilia) pygmaea"", ""Callidium (Gracilia) Pygmaea"", ""Callidium (Gracilia) Pygmea""]}"
ASC0002yiz,5,32564484,,,,0.41816009557945044,Page keywords,[],"[""garden"", ""Supplement to \""The Gardeners Chronicle\"" Dec. 1st 1888"", ""dartford"", ""landscape"", ""garden view"", ""springwood"", ""Springwood"", ""Dartford""]"
ASC0002y1m,5,32564497,,Page 664,,0.41816009557945044,Page keywords,[],"[""PLANT"", ""ORCHID"", ""Disa Lacera var. MultifIda"", ""orchids"", ""DISA LACERA VAR. MULTIFIDA"", ""disa"", ""lacera"", ""multipida"", ""flower"", ""orchid"", ""european"", ""Disa Lacera"", ""drawing""]"
ASC0002y1m,5,32564497,,Page 664,,0.41816009557945044,drawing,"[0, 0, 364, 238, 327, 910]","{""keywords""=>[""PLANT"", ""ORCHID"", ""Disa Lacera var. MultifIda"", ""orchids"", ""DISA LACERA VAR. MULTIFIDA"", ""disa"", ""lacera"", ""multipida"", ""flower"", ""orchid"", ""european"", ""Disa Lacera"", ""drawing""]}"
ASC0002y1m,5,32564497,,Page 664,,0.41816009557945044,species,"[493, 680, 0, 0, 0, 0]","{""common""=>[""orchid"", ""Orchid"", """"], ""scientific""=>[""DISA LACERA var. Multifida"", ""Disa Lacera var. Multipida"", ""Disa Lacera""]}"
ASC0002xcf,5,32564498,,Page 665,,0.41816009557945044,Page keywords,[],"[""plant"", ""flower"", ""crimson"", ""pink"", ""Violae grandiflora"", ""botany"", ""flowers crimson"", ""fine"", ""striped leaves"", ""orchid\r\nplant\r\nflowers""]"
ASC0002xcf,5,32564498,,Page 665,,0.41816009557945044,species,"[128, 1206, 0, 0, 0, 0]","{""common""=>[""Viola"", ""blank"", """"], ""scientific""=>[""Disa grandiflora"", ""blank""]}"
ASC0002yht,5,32564502,,Page 669,,0.41816009557945044,Page keywords,[],"[""plant"", ""pitcher plant"", ""Veitch's nursery"", ""Chelsea"", ""diagram"", ""horticulture"", ""pitcherplant"", ""description"", ""hybrid"", ""Nepenthes rufescens""]"
ASC0002yht,5,32564502,,Page 669,,0.41816009557945044,drawing,"[0, 0, 21, 78, 633, 1293]","{""keywords""=>[""plant"", ""pitcher plant"", ""Veitch's nursery"", ""Chelsea"", ""diagram"", ""horticulture"", ""pitcherplant"", ""description"", ""hybrid"", ""Nepenthes rufescens""]}"
ASC0002yht,5,32564502,,Page 669,,0.41816009557945044,inscription,"[156, 1311, 0, 0, 0, 0]","{""text""=>[""Fig. 95. — NEPENTHES RUFESCENS: COLOUR OF PITCHER GREEN, FLUSHED WITH RED."", ""GARDCHRON"", ""Fig. 95.-NEPENTHES RUFESCENS; COLOUR OF PITCHER GREEN, FLUSHED WITH RED""]}"
ASC0002yht,5,32564502,,Page 669,,0.41816009557945044,contributor,"[516, 1274, 0, 0, 0, 0]","{""name""=>[""X E. SM. SE. "", ""A. E. SM."", ""X.E. Syth""], ""role""=>[""illustrator""]}"
ASC0002xds,5,32564506,,Page 673,,0.41816009557945044,Page keywords,[],"[""horticulture"", ""Kew garden"", ""plant"", ""description"", ""PHILLYREA DECORA"", ""berries"", ""leaves"", ""fruit"", ""olive"", ""angiosperm"", ""ornamental"", ""Phillyrea"", ""Phillyrea decora"", ""Oleaceae"", ""Olive family"", ""Kew""]"
ASC0002xds,5,32564506,,Page 673,,0.41816009557945044,drawing,"[0, 0, 65, 354, 920, 681]","{""keywords""=>[""horticulture"", ""Kew garden"", ""plant"", ""description"", ""PHILLYREA DECORA"", ""berries"", ""leaves"", ""fruit"", ""olive"", ""angiosperm"", ""ornamental"", ""Phillyrea"", ""Phillyrea decora"", ""Oleaceae"", ""Olive family"", ""Kew""]}"
ASC0002xbe,5,32564526,,Page 693,,0.41816009557945044,Page keywords,[],"[""pine"", ""tree"", ""Kew"", ""Tree"", ""Pine "", ""tree\r\nkew gardens"", ""Corsican pine""]"
ASC0002xbe,5,32564526,,Page 693,,0.41816009557945044,drawing,"[0, 0, 29, 197, 629, 988]","{""keywords""=>[""Tree"", ""Pine "", ""tree"", ""pine"", ""Kew"", ""Corsican pine""]}"
ASC0002xbe,5,32564526,,Page 693,,0.41816009557945044,species,"[350, 868, 0, 0, 0, 0]","{""common""=>[""Corsican pine"", ""Corsican Pine"", ""CORSICAN PINE""], ""scientific""=>[""Pinus laricio"", ""Pinus larcio"", ""PINUS LARICIO""]}"
ASC0002xbe,5,32564526,,Page 693,,0.41816009557945044,inscription,"[109, 1124, 0, 0, 0, 0]","{""text""=>[""Arthur E. Smiths"", ""Fig. 97.-THE CORSICAN PINE, PINUS LARCIO, AT KEW (SEE P. 692)"", ""Fig. 97.- THE CORSICAN PINE, PINUS LARICIO, AT KEW. (SEE P. 692)""]}"
ASC0002xe5,5,32564530,,Page 697,,0.41816009557945044,Page keywords,[],"[""#flower"", ""vegetaion"", ""potato"", ""flowers"", ""plant"", ""illustration""]"
ASC0002xe5,5,32564530,,Page 697,,0.41816009557945044,drawing,"[0, 0, 49, 70, 609, 1292]","{""keywords""=>[""#flower"", ""vegetaion"", ""potato"", ""flowers"", ""plant"", ""illustration""]}"
ASC0002xe5,5,32564530,,Page 697,,0.41816009557945044,species,"[249, 1351, 0, 0, 0, 0]","{""common""=>[""""], ""scientific""=>[""Sattrium carneum"", ""Satyrium Cardeum"", ""Satyrium carneum""]}"
ASC0002xcu,5,32564538,,Page 705,,0.41816009557945044,Page keywords,[],"[""arboriculture"", ""Kew Garden"", ""Pinus loricio"", ""Pinus nigra"", ""Corsican pine"", ""black pine"", ""pine"", ""pinecone"", ""pine needles"", ""tree"", ""reproduction"", ""botanic""]"
ASC0002xcu,5,32564538,,Page 705,,0.41816009557945044,drawing,"[0, 0, 27, 274, 615, 820]","{""keywords""=>[""arboriculture"", ""Kew Garden"", ""Pinus loricio"", ""Pinus nigra"", ""Corsican pine"", ""black pine"", ""pinecone"", ""pine"", ""botanic"", ""tree""]}"
ASC0002xdi,5,32564550,,,,0.41816009557945044,Page keywords,[],"[""Ink Photo"", ""phigs"", ""Botany"", ""fruits"", ""figs"", ""Calcutta Botanic Gardens"", ""Ficus Roxbourough"", ""illustration"", ""Photograph of figs on tree. ""]"
ASC0002xb1,5,32564560,,Page 725,,0.41816009557945044,Page keywords,[],"[""tree"", ""nature"", ""trees"", ""Kew""]"
ASC0002xb1,5,32564560,,Page 725,,0.41816009557945044,drawing,"[0, 0, 119, 379, 816, 674]","{""keywords""=>[""tree"", ""nature"", ""trees"", ""Kew""]}"
ASC0002xdz,5,32564564,,Page 729,,0.41816009557945044,Page keywords,[],"[""plant"", ""carrion plant"", ""flower"", ""#botany\r\n#cactus"", ""yellow"", ""red"", ""purple"", ""petals"", ""odour"", ""whole page"", ""stapelia gigantea"", ""botany"", ""gardener's chronicle""]"
ASC0002xdz,5,32564564,,Page 729,,0.41816009557945044,drawing,"[0, 0, 30, 58, 987, 1320]","{""keywords""=>[""plant"", ""carrion plant"", ""flower"", ""#botany\r\n#cactus"", ""stapelia gigantea"", ""botany"", ""gardener's chronicle""]}"
ASC0002xdx,5,32564567,,Page 732,,0.41816009557945044,Page keywords,[],"[""line drawing"", ""cocoa"", ""bulb"", ""roots"", ""stem"", ""botanical drawing"", ""seed"", ""cacao"", ""botany"", ""trees"", ""nuts"", ""Seychelles Islands"", ""germination"", ""tree"", ""coconut"", ""leaf""]"
ASC0002xdx,5,32564567,,Page 732,,0.41816009557945044,drawing,"[0, 0, 352, 433, 340, 565]","{""keywords""=>[""line drawing"", ""cocoa"", ""bulb"", ""roots"", ""stem"", ""botanical drawing"", ""seed"", ""cacao"", ""germination"", ""tree"", ""coconut"", ""leaf""]}"
ASC0002xdo,5,32564568,,Page 733,,0.41816009557945044,Page keywords,[],"[""Passion flower"", ""Woodhatch Hybrid"", ""Hybrid"", ""flower"", ""cut away"", ""passion"", ""hybrid"", ""illustration""]"
ASC0002xdo,5,32564568,,Page 733,,0.41816009557945044,drawing,"[0, 0, 22, 185, 983, 991]","{""keywords""=>[""Passion flower"", ""Woodhatch Hybrid"", ""Hybrid"", ""flower"", ""passion"", ""hybrid"", ""illustration""]}"
ASC0002xel,5,32564572,,Page 737,,0.41816009557945044,Page keywords,[],"[""flora"", ""flower"", ""plant"", ""flowers"", ""crataegus mexicana"", ""Mexican hawthorn"", ""leaves"", ""roses"", ""rose""]"
ASC0002xel,5,32564572,,Page 737,,0.41816009557945044,drawing,"[0, 0, 21, 233, 646, 890]","{""keywords""=>[""flower"", ""plant"", ""crataegus mexicana"", ""Mexican hawthorn"", ""flowers"", ""leaves"", ""roses"", ""rose""]}"
ASC0002xel,5,32564572,,Page 737,,0.41816009557945044,contributor,"[206, 1061, 0, 0, 0, 0]","{""name""=>[""W.G.S.M"", ""W.G.SM."", ""W.G.S.M.""], ""role""=>[""illustrator"", ""other""]}"
ASC0002xda,5,32564575,,Page 740,,0.41816009557945044,Page keywords,[],"[""Plant"", ""vegetation"", ""garden"", ""palida"", ""lichen"", ""specie?"", ""growth""]"
ASC0002xda,5,32564575,,Page 740,,0.41816009557945044,drawing,"[0, 0, 369, 465, 308, 472]","{""keywords""=>[""lichen"", ""growth""]}"
ASC0002xes,8,32564577,,Page 742,,0.41816009557945044,Page keywords,[],"[""meteorology"", ""weather"", ""chart"", ""markets"", ""plants"", ""Weather"", ""UK/Ireland"", ""Markets""]"
ASC0002xes,8,32564577,,Page 742,,0.41816009557945044,chart,"[0, 0, 359, 148, 334, 1054]","{""keywords""=>[""meteorology"", ""Weather"", ""UK/Ireland""]}"
ASC0002xee,5,32564592,,Page 757,,0.41816009557945044,Page keywords,[],"[""White flower"", ""yellow center"", ""flowers"", ""flower"", ""#Flower""]"
ASC0002xey,5,32564596,,Page 761,,0.41816009557945044,Page keywords,[],"[""Symphyandra Hoffmanni"", ""Flowers White"", ""flower"", ""Symphyandra hoffmanni"", ""flower (GARD CRON stem)"", ""flowers""]"
ASC0002xey,5,32564596,,Page 761,,0.41816009557945044,drawing,"[0, 0, 61, 294, 917, 808]","{""keywords""=>[""flower"", ""Symphyandra hoffmanni"", ""flowers""]}"
ASC0002xey,5,32564596,,Page 761,,0.41816009557945044,contributor,"[498, 985, 0, 0, 0, 0]","{""name""=>[""Gard Chron"", ""Liv Suise"", ""card churn"", ""L.W. SM. Sc""], ""role""=>[""illustrator""]}"
ASC0002xdv,5,32564598,,Page 763,,0.41816009557945044,Page keywords,[],"[""plum"", ""plant diseases"", ""moth"", ""grub"", ""prune moth"", ""entomology"", ""pest""]"
ASC0002xdv,5,32564598,,Page 763,,0.41816009557945044,drawing,"[0, 0, 360, 441, 312, 508]","{""keywords""=>[""plum"", ""plant diseases"", ""moth"", ""grub"", ""prune moth"", ""entomology"", ""pest""]}"
ASC0002xdv,5,32564598,,Page 763,,0.41816009557945044,species,"[512, 723, 0, 0, 0, 0]","{""common""=>[""Plum Moth"", ""Plum Grub"", """", ""Plum grub and moth""], ""scientific""=>[""Tortrix Funerrana"", ""Tortrix Funnerana""]}"
ASC0002xex,6,32564600,,Page 765,,0.41816009557945044,Page keywords,[],"[""tree"", ""pine"", ""Kew Gardens"", ""royal gardens"", ""park""]"
ASC0002xex,6,32564600,,Page 765,,0.41816009557945044,drawing,"[0, 0, 33, 263, 639, 851]","{""keywords""=>[""tree"", ""pine"", ""Kew Gardens"", ""royal gardens"", ""park""]}"
ASC0002xex,6,32564600,,Page 765,,0.41816009557945044,species,"[327, 772, 0, 0, 0, 0]","{""common""=>[""Pines Coulteri"", """", ""Coulter pine""], ""scientific""=>["""", ""Pinus coulteri""]}"
